{"materials":[{"id":560,"path":"Resources/unity_builtin_extra\\Sprites-Default","assetBundleId":-2,"data":["Sprites-Default",11,26,3000,0,[["PixelSnap",0],["_EnableExternalAlpha",0]],[["_Color",1,1,1,1],["_RendererColor",1,1,1,1]],[["_MainTex_ST",1,1,0,0],["_Flip",1,1,1,1],["_AlphaTex_ST",1,1,0,0]],[["_MainTex",null,null],["_AlphaTex",null,null]],[]]},{"id":768,"path":"Resources/unity_builtin_extra\\Default-Line","assetBundleId":-2,"data":["Default-Line",11,168,3000,0,[["_InvFade",1]],[],[["_MainTex_ST",1,1,0,0]],[["_MainTex",null,null]],[]]}],"shaders":[{"id":168,"assetBundleId":-2,"data":[[],"Legacy Shaders/Particles/Alpha Blended Premultiply",null,["SOFTPARTICLES_ON","STEREO_CUBEMAP_RENDER_ON","STEREO_INSTANCING_ON","STEREO_MULTIVIEW_ON","UNITY_SINGLE_PASS_STEREO","__"],[[0,0,"",0,"",0,[4,null],[0,null],[0,null],[[1,null],[10,null],[0,null]],[[1,null],[10,null],[0,null]],[14,null],[0,null],[0,null],[0,null],[255,null],[255,null],[[0,null],[0,null],[0,null],[8,null]],[[0,null],[0,null],[0,null],[8,null]],[[0,null],[0,null],[0,null],[8,null]],[["IGNOREPROJECTOR","true"],["PreviewType","Plane"],["QUEUE","Transparent"],["RenderType","Transparent"]],["SOFTPARTICLES_ON","STEREO_CUBEMAP_RENDER_ON","STEREO_INSTANCING_ON","STEREO_MULTIVIEW_ON","UNITY_SINGLE_PASS_STEREO","__"],[],[[0,0,[],0,1,1,0]],[],0]],[],[["_MainTex",4,0,0,0,0,"white",0],["_InvFade",3,1,0.00999999977648258,3,0,"",0]],null,null,0,0,0]},{"id":26,"assetBundleId":-2,"data":[[],"Sprites/Default",null,["PIXELSNAP_ON","ETC1_EXTERNAL_ALPHA","INSTANCING_ON","STEREO_CUBEMAP_RENDER_ON","STEREO_INSTANCING_ON","STEREO_MULTIVIEW_ON","UNITY_SINGLE_PASS_STEREO","_","__"],[[0,0,"",0,"",0,[4,null],[0,null],[0,null],[[1,null],[10,null],[0,null]],[[1,null],[10,null],[0,null]],[15,null],[0,null],[0,null],[0,null],[255,null],[255,null],[[0,null],[0,null],[0,null],[8,null]],[[0,null],[0,null],[0,null],[8,null]],[[0,null],[0,null],[0,null],[8,null]],[["CanUseSpriteAtlas","true"],["IGNOREPROJECTOR","true"],["PreviewType","Plane"],["QUEUE","Transparent"],["RenderType","Transparent"]],["ETC1_EXTERNAL_ALPHA","INSTANCING_ON","PIXELSNAP_ON","STEREO_CUBEMAP_RENDER_ON","STEREO_INSTANCING_ON","STEREO_MULTIVIEW_ON","UNITY_SINGLE_PASS_STEREO","_","__"],[],[[0,0,[],2,3,1,0]],[],0]],[],[["_MainTex",4,0,0,0,0,"white",2],["_Color",0,1,1,1,1,"",0],["PixelSnap",2,0,0,0,0,"",0],["_RendererColor",0,1,1,1,1,"",1],["_Flip",1,1,1,1,1,"",1],["_AlphaTex",4,0,0,0,0,"white",2],["_EnableExternalAlpha",2,0,0,0,0,"",2]],null,null,0,0,0]},{"id":28,"assetBundleId":-2,"data":[[],"UI/Default",null,["UNITY_UI_ALPHACLIP","UNITY_UI_CLIP_RECT","STEREO_CUBEMAP_RENDER_ON","STEREO_INSTANCING_ON","STEREO_MULTIVIEW_ON","UNITY_SINGLE_PASS_STEREO","_"],[[0,0,"Default",0,"",0,[0,"unity_GUIZTestMode"],[0,null],[0,null],[[1,null],[10,null],[0,null]],[[1,null],[10,null],[0,null]],[0,"_ColorMask"],[0,null],[0,null],[0,"_Stencil"],[0,"_StencilReadMask"],[0,"_StencilWriteMask"],[[0,"_StencilOp"],[0,null],[0,null],[0,"_StencilComp"]],[[0,null],[0,null],[0,null],[8,null]],[[0,null],[0,null],[0,null],[8,null]],[["CanUseSpriteAtlas","true"],["IGNOREPROJECTOR","true"],["PreviewType","Plane"],["QUEUE","Transparent"],["RenderType","Transparent"]],["STEREO_CUBEMAP_RENDER_ON","STEREO_INSTANCING_ON","STEREO_MULTIVIEW_ON","UNITY_SINGLE_PASS_STEREO","UNITY_UI_ALPHACLIP","UNITY_UI_CLIP_RECT","_"],[],[[0,0,[],7,8,1,0],[0,0,["UNITY_UI_ALPHACLIP"],7,9,1,0]],[],0]],[],[["_MainTex",4,0,0,0,0,"white",2],["_Color",0,1,1,1,1,"",0],["_StencilComp",2,8,0,0,0,"",0],["_Stencil",2,0,0,0,0,"",0],["_StencilOp",2,0,0,0,0,"",0],["_StencilWriteMask",2,255,0,0,0,"",0],["_StencilReadMask",2,255,0,0,0,"",0],["_ColorMask",2,15,0,0,0,"",0],["_UseUIAlphaClip",2,0,0,0,0,"",0]],null,null,0,0,0]},{"id":48,"assetBundleId":-2,"data":[[],"Hidden/BlitCopy",null,["STEREO_CUBEMAP_RENDER_ON","STEREO_INSTANCING_ON","STEREO_MULTIVIEW_ON","UNITY_SINGLE_PASS_STEREO"],[[0,0,"",0,"",0,[8,null],[0,null],[0,null],[[1,null],[0,null],[0,null]],[[1,null],[0,null],[0,null]],[15,null],[0,null],[0,null],[0,null],[255,null],[255,null],[[0,null],[0,null],[0,null],[8,null]],[[0,null],[0,null],[0,null],[8,null]],[[0,null],[0,null],[0,null],[8,null]],[],["STEREO_CUBEMAP_RENDER_ON","STEREO_INSTANCING_ON","STEREO_MULTIVIEW_ON","UNITY_SINGLE_PASS_STEREO"],[],[],[],0]],[],[["_MainTex",4,0,0,0,0,"",0],["_Color",0,1,1,1,1,"",0]],null,null,0,0,0]}],"resources":[{"id":0,"assetBundleId":-2,"data":[[["fonts & materials/lilitaone-regular sdf",12,26630],["fonts & materials/lilitaone-regular sdf",10,26628],["fonts & materials/lilitaone-regular",12,30706],["fonts & materials/lilitaone-regular",59,30682],["fonts & materials/lilitaone-regular sdf",9,26626],["unity_builtin_extra",11,168],["unity_builtin_extra",10,768],["unity_builtin_extra",11,26],["unity_builtin_extra",10,560],["unity_builtin_extra",11,28],["fonts & materials/liberationsans sdf",9,26604],["sprite assets/emojione",10,32084],["sprite assets/emojione",64,26592],["style sheets/default style sheet",65,26550],["linebreaking leading characters",61,30964],["linebreaking following characters",61,30966],["tmp settings",63,27018]],[30408,30406,30390,30406,30400,30406,30662,30406,30664,30406,30666,30406,30392,30406,30402,30406,30396,30406,419168,420602,30684,30406,30686,30406,30690,30406,30692,30406,30696,30406,-4670738,420602,30694,30406,-4670746,420602,30688,30406,-4670714,420602,-4670722,420602,-4670730,420602,418812,420602,-4668374,420602,-4668382,420602,-4668350,420602,-4668358,420602,-4668366,420602,30658,30406,30398,30406,-4668370,420602,-4668378,420602,-4668386,420602,30380,30378,30382,30378,30414,30378,30376,30378,421830,420602,30620,30378,-4665292,420602,-4665288,420602,30614,30378,30616,30378,30374,30378,-4665294,420602,420106,420602,-4664426,420602,-4664422,420602,-4664428,420602,420050,420602,-4664552,420602,-4664548,420602,-4664554,420602,421352,420602,-4665794,420602,-4665790,420602,-4665796,420602,419932,420602,-4670652,420602,-4670648,420602,-4670654,420602,421162,420602,-4669524,420602,-4669520,420602,-4669526,420602,418864,420602,-4665914,420602,-4665910,420602,-4665916,420602,418872,420602,-4669410,420602,-4669406,420602,-4669412,420602,419618,420602,-4666726,420602,-4666722,420602,-4666728,420602,420344,420602,-4667836,420602,-4667832,420602,-4667838,420602,421560,420602,-4666064,420602,-4666060,420602,-4666066,420602,421518,420602,-4664812,420602,-4664808,420602,-4664814,420602,421626,420602,-4670406,420602,-4670402,420602,-4670408,420602,419428,420602,-4666288,420602,-4666284,420602,-4666290,420602,420784,420602,-4664964,420602,-4664960,420602,-4664966,420602,420598,420602,-4670240,420602,-4670236,420602,-4670242,420602,418892,420602,-4666694,420602,-4666690,420602,-4666696,420602,419588,420602,-4664372,420602,-4664368,420602,-4664374,420602,420978,420602,421348,420602,-4670192,420602,-4670194,420602,419270,420602,-4666824,420602,-4666820,420602,-4666826,420602,420316,420602,-4668300,420602,-4668296,420602,-4668302,420602,420378,420602,-4671140,420602,-4671136,420602,-4671142,420602,420902,420602,-4669604,420602,-4669600,420602,-4669606,420602,421406,420602,420268,420602,-4671356,420602,-4671358,420602,419920,420602,421184,420602,-4669618,420602,-4669620,420602,421624,420602,421402,420602,-4667298,420602,-4667300,420602,420120,420602,421080,420602,-4666808,420602,-4666810,420602,419242,420602,419622,420602,-4669472,420602,-4669474,420602,420292,420602,419650,420602,-4671306,420602,-4671308,420602,420278,420602,419576,420602,-4667312,420602,-4667314,420602,419064,420602,420764,420602,-4668794,420602,-4668796,420602,420976,420602,418772,420602,-4664204,420602,-4664206,420602,421286,420602,419922,420602,-4668074,420602,-4668076,420602,419562,420602,421326,420602,-4668152,420602,-4668154,420602,419320,420602,418652,420602,-4669508,420602,-4669510,420602,419732,420602,419402,420602,-4671192,420602,-4671194,420602,421338,420602,-4666778,420602,-4666774,420602,-4666780,420602,420908,420602,-4666856,420602,-4666852,420602,-4666858,420602,421060,420602,-4665412,420602,-4665408,420602,-4665414,420602,420654,420602,-4665898,420602,-4665894,420602,-4665900,420602,421514,420602,-4670900,420602,-4670896,420602,-4670902,420602,418762,420602,-4668696,420602,-4668692,420602,-4668698,420602,420116,420602,-4664712,420602,-4664708,420602,-4664714,420602,418802,420602,-4666184,420602,-4666180,420602,-4666186,420602,420110,420602,-4666388,420602,-4666384,420602,-4666390,420602,421240,420602,-4665276,420602,-4665272,420602,-4665278,420602,420032,420602,-4664110,420602,-4664106,420602,-4664112,420602,419990,420602,-4664980,420602,-4664976,420602,-4664982,420602,419040,420602,-4670208,420602,-4670204,420602,-4670210,420602,421282,420602,-4667216,420602,-4667212,420602,-4667218,420602,420582,420602,-4670374,420602,-4670370,420602,-4670376,420602,419836,420602,-4665260,420602,-4665256,420602,-4665262,420602,418520,420602,-4670690,420602,-4670686,420602,-4670692,420602,421686,420602,-4664388,420602,-4664384,420602,-4664390,420602,418860,420602,-4667720,420602,-4667716,420602,-4667722,420602,421152,420602,-4665160,420602,-4665156,420602,-4665162,420602,420014,420602,-4664728,420602,-4664724,420602,-4664730,420602,419640,420602,-4666794,420602,-4666790,420602,-4666796,420602,418996,420602,-4671292,420602,-4671288,420602,-4671294,420602,420464,420602,-4668220,420602,-4668216,420602,-4668222,420602,419004,420602,-4671156,420602,-4671152,420602,-4671158,420602,420458,420602,-4671446,420602,-4671442,420602,-4671448,420602,421398,420602,-4664664,420602,-4664660,420602,-4664666,420602,418710,420602,-4669458,420602,-4669454,420602,-4669460,420602,421456,420602,-4670120,420602,-4670116,420602,-4670122,420602,419230,420602,-4668680,420602,-4668676,420602,-4668682,420602,420614,420602,-4668252,420602,-4668248,420602,-4668254,420602,419886,420602,-4668060,420602,-4668056,420602,-4668062,420602,418976,420602,-4668138,420602,-4668134,420602,-4668140,420602,420816,420602,-4669062,420602,-4669058,420602,-4669064,420602,420210,420602,-4665096,420602,-4665092,420602,-4665098,420602,419764,420602,-4670326,420602,-4670322,420602,-4670328,420602,419480,420602,-4669540,420602,-4669536,420602,-4669542,420602,419096,420602,-4670262,420602,-4670258,420602,-4670264,420602,418582,420602,-4669290,420602,-4669286,420602,-4669292,420602,421704,420602,-4666436,420602,-4666432,420602,-4666438,420602,420186,420602,-4667956,420602,-4667952,420602,-4667958,420602,418550,420602,-4666420,420602,-4666416,420602,-4666422,420602,418920,420602,-4666532,420602,-4666528,420602,-4666534,420602,420044,420602,-4670984,420602,-4670980,420602,-4670986,420602,418768,420602,-4668044,420602,-4668040,420602,-4668046,420602,420772,420602,-4667672,420602,-4667668,420602,-4667674,420602,421264,420602,-4667820,420602,-4667816,420602,-4667822,420602,419068,420602,-4668600,420602,-4668596,420602,-4668602,420602,420742,420602,-4670342,420602,-4670338,420602,-4670344,420602,419770,420602,-4668862,420602,-4668858,420602,-4668864,420602,419474,420602,-4670104,420602,-4670100,420602,-4670106,420602,418500,420602,-4670294,420602,-4670290,420602,-4670296,420602,420440,420602,-4670278,420602,-4670274,420602,-4670280,420602,419408,420602,-4671016,420602,-4671012,420602,-4671018,420602,420492,420602,-4666988,420602,-4666984,420602,-4666990,420602,419800,420602,-4670390,420602,-4670386,420602,-4670392,420602,420920,420602,-4667004,420602,-4667000,420602,-4667006,420602,420576,420602,-4664568,420602,-4664564,420602,-4664570,420602,420020,420602,-4667232,420602,-4667228,420602,-4667234,420602,420100,420602,-4669154,420602,-4669150,420602,-4669156,420602,419130,420602,-4669442,420602,-4669438,420602,-4669444,420602,420748,420602,-4671224,420602,-4671220,420602,-4671226,420602,421450,420602,-4664880,420602,-4664876,420602,-4664882,420602,419010,420602,-4664948,420602,-4664944,420602,-4664950,420602,421724,420602,-4669588,420602,-4669584,420602,-4669590,420602,419324,420602,-4667788,420602,-4667784,420602,-4667790,420602,418480,420602,-4669488,420602,-4669484,420602,-4669490,420602,420446,420602,-4671566,420602,-4671562,420602,-4671568,420602,420588,420602,-4665492,420602,-4665488,420602,-4665494,420602,420138,420602,-4668780,420602,-4668776,420602,-4668782,420602,418474,420602,-4668268,420602,-4668264,420602,-4668270,420602,421474,420602,-4670518,420602,-4670514,420602,-4670520,420602,418556,420602,-4665846,420602,-4665842,420602,-4665848,420602,419046,420602,-4671478,420602,-4671474,420602,-4671480,420602,418716,420602,-4670706,420602,-4670702,420602,-4670708,420602,420674,420602,-4666404,420602,-4666400,420602,-4666406,420602,419182,420602,-4667736,420602,-4667732,420602,-4667738,420602,421024,420602,-4667500,420602,-4667496,420602,-4667502,420602,421766,420602,-4664996,420602,-4664992,420602,-4664998,420602,420790,420602,-4666840,420602,-4666836,420602,-4666842,420602,420982,420602,-4669426,420602,-4669422,420602,-4669428,420602,421340,420602,420910,420602,421062,420602,420656,420602,421516,420602,418764,420602,420118,420602,418804,420602,420112,420602,421242,420602,420034,420602,419992,420602,419042,420602,421284,420602,420584,420602,419838,420602,418522,420602,421688,420602,418862,420602,421154,420602,420016,420602,419642,420602,418998,420602,420466,420602,419006,420602,420460,420602,421400,420602,418712,420602,421458,420602,419232,420602,420616,420602,419888,420602,418978,420602,420818,420602,420212,420602,419766,420602,419482,420602,419098,420602,418584,420602,421706,420602,420188,420602,418552,420602,418922,420602,420046,420602,418770,420602,420774,420602,421266,420602,419070,420602,420744,420602,419772,420602,419476,420602,418502,420602,420442,420602,419410,420602,420494,420602,419802,420602,420922,420602,420578,420602,420022,420602,420102,420602,419132,420602,420750,420602,421452,420602,419012,420602,421726,420602,419326,420602,418482,420602,420448,420602,420590,420602,420140,420602,418476,420602,421476,420602,418558,420602,419048,420602,418718,420602,420676,420602,419184,420602,421026,420602,421768,420602,420792,420602,420984,420602,421680,420602,-4671462,420602,-4671458,420602,-4671464,420602,421736,420602,-4667580,420602,-4667576,420602,-4667582,420602,420216,420602,-4669572,420602,-4669568,420602,-4669574,420602,421524,420602,-4667020,420602,-4667016,420602,-4667022,420602,419382,420602,-4669556,420602,-4669552,420602,-4669558,420602,419538,420602,-4668622,420602,-4668618,420602,-4668624,420602,421602,420602,-4664126,420602,-4664122,420602,-4664128,420602,419052,420602,-4664142,420602,-4664138,420602,-4664144,420602,420334,420602,-4667804,420602,-4667800,420602,-4667806,420602,421344,420602,-4670438,420602,-4670434,420602,-4670440,420602,419276,420602,-4664616,420602,-4664612,420602,-4664618,420602,420204,420602,-4670358,420602,-4670354,420602,-4670360,420602,421332,420602,-4671172,420602,-4671168,420602,-4671174,420602,419868,420602,-4665596,420602,-4665592,420602,-4665598,420602,420480,420602,-4667704,420602,-4667700,420602,-4667706,420602,420356,420602,-4668914,420602,-4668910,420602,-4668916,420602,418900,420602,-4664272,420602,-4664268,420602,-4664274,420602,418778,420602,-4669342,420602,-4669338,420602,-4669344,420602,418648,420602,-4665930,420602,-4665926,420602,-4665932,420602,419022,420602,-4668236,420602,-4668232,420602,-4668238,420602,420778,420602,-4670422,420602,-4670418,420602,-4670424,420602,419544,420602,-4671372,420602,-4671368,420602,-4671374,420602,421222,420602,-4664158,420602,-4664154,420602,-4664160,420602,419856,420602,-4667548,420602,-4667544,420602,-4667550,420602,418988,420602,-4671430,420602,-4671426,420602,-4671432,420602,419376,420602,-4671208,420602,-4671204,420602,-4671210,420602,418676,420602,-4667532,420602,-4667528,420602,-4667534,420602,420934,420602,-4671048,420602,-4671044,420602,-4671050,420602,420558,420602,-4664190,420602,-4664186,420602,-4664192,420602,421132,420602,-4666304,420602,-4666300,420602,-4666306,420602,418468,420602,-4666872,420602,-4666868,420602,-4666874,420602,421798,420602,-4665984,420602,-4665980,420602,-4665986,420602,419898,420602,-4666516,420602,-4666512,420602,-4666518,420602,420914,420602,-4664324,420602,-4664320,420602,-4664326,420602,418642,420602,-4671064,420602,-4671060,420602,-4671066,420602,419028,420602,-4666904,420602,-4666900,420602,-4666906,420602,418704,420602,-4666016,420602,-4666012,420602,-4666018,420602,421086,420602,-4665946,420602,-4665942,420602,-4665948,420602,419700,420602,-4667328,420602,-4667324,420602,-4667330,420602,421480,420602,-4666636,420602,-4666632,420602,-4666638,420602,420026,420602,-4671032,420602,-4671028,420602,-4671034,420602,418532,420602,-4665012,420602,-4665008,420602,-4665014,420602,419074,420602,-4666452,420602,-4666448,420602,-4666454,420602,421234,420602,-4664584,420602,-4664580,420602,-4664586,420602,421662,420602,-4668090,420602,-4668086,420602,-4668092,420602,419444,420602,-4667564,420602,-4667560,420602,-4667566,420602,421030,420602,-4665244,420602,-4665240,420602,-4665246,420602,421674,420602,-4665228,420602,-4665224,420602,-4665230,420602,420498,420602,-4666096,420602,-4666092,420602,-4666098,420602,420412,420602,-4666000,420602,-4665996,420602,-4666002,420602,420870,420602,-4670932,420602,-4670928,420602,-4670934,420602,421778,420602,-4669942,420602,-4669938,420602,-4669944,420602,418506,420602,-4666956,420602,-4666952,420602,-4666958,420602,419224,420602,-4664680,420602,-4664676,420602,-4664682,420602,420008,420602,-4670224,420602,-4670220,420602,-4670226,420602,420960,420602,-4665444,420602,-4665440,420602,-4665446,420602,418950,420602,-4667036,420602,-4667032,420602,-4667038,420602,419776,420602,-4664932,420602,-4664928,420602,-4664934,420602,419880,420602,-4664442,420602,-4664438,420602,-4664444,420602,419162,420602,-4670460,420602,-4670456,420602,-4670462,420602,421638,420602,-4670800,420602,-4670796,420602,-4670802,420602,421012,420602,-4667396,420602,-4667392,420602,-4667398,420602,420640,420602,-4664648,420602,-4664644,420602,-4664650,420602,419892,420602,-4667380,420602,-4667376,420602,-4667382,420602,420322,420602,-4665396,420602,-4665392,420602,-4665398,420602,420564,420602,-4671080,420602,-4671076,420602,-4671082,420602,418808,420602,-4668516,420602,-4668512,420602,-4668518,420602,418784,420602,-4668106,420602,-4668102,420602,-4668108,420602,419862,420602,-4669046,420602,-4669042,420602,-4669048,420602,420864,420602,-4666236,420602,-4666232,420602,-4666238,420602,419848,420602,-4665580,420602,-4665576,420602,-4665582,420602,418970,420602,-4664410,420602,-4664406,420602,-4664412,420602,419194,420602,-4665428,420602,-4665424,420602,-4665430,420602,420222,420602,-4667612,420602,-4667608,420602,-4667614,420602,419996,420602,-4668712,420602,-4668708,420602,-4668714,420602,421656,420602,-4664828,420602,-4664824,420602,-4664830,420602,421258,420602,-4665968,420602,-4665964,420602,-4665970,420602,419694,420602,-4665460,420602,-4665456,420602,-4665462,420602,420754,420602,-4668568,420602,-4668564,420602,-4668570,420602,421378,420602,-4669274,420602,-4669270,420602,-4669276,420602,418596,420602,-4669138,420602,-4669134,420602,-4669140,420602,421682,420602,421738,420602,420218,420602,421526,420602,419384,420602,419540,420602,421604,420602,419054,420602,420336,420602,421346,420602,419278,420602,420206,420602,421334,420602,419870,420602,420482,420602,420358,420602,418902,420602,418780,420602,418650,420602,419024,420602,420780,420602,419546,420602,421224,420602,419858,420602,418990,420602,419378,420602,418678,420602,420936,420602,420560,420602,421134,420602,418470,420602,421800,420602,419900,420602,420916,420602,418644,420602,419030,420602,418706,420602,421088,420602,419702,420602,421482,420602,420028,420602,418534,420602,419076,420602,421236,420602,421664,420602,419446,420602,421032,420602,421676,420602,420500,420602,420414,420602,420872,420602,421780,420602,418508,420602,419226,420602,420010,420602,420962,420602,418952,420602,419778,420602,419882,420602,419164,420602,421640,420602,421014,420602,420642,420602,419894,420602,420324,420602,420566,420602,418810,420602,418786,420602,419864,420602,420866,420602,419850,420602,418972,420602,419196,420602,420224,420602,419998,420602,421658,420602,421260,420602,419696,420602,420756,420602,421380,420602,418598,420602,418824,420602,-4668418,420602,-4668426,420602,-4668394,420602,-4668402,420602,-4668410,420602,-4668414,420602,-4668422,420602,-4668430,420602,418722,420602,-4670604,420602,-4670612,420602,-4670580,420602,-4670588,420602,-4670596,420602,-4670600,420602,-4670608,420602,-4670616,420602,418486,420602,-4669112,420602,-4669120,420602,-4669088,420602,-4669096,420602,-4669104,420602,-4669108,420602,-4669116,420602,-4669124,420602,419494,420602,-4670832,420602,-4670840,420602,-4670808,420602,-4670816,420602,-4670824,420602,-4670828,420602,-4670836,420602,-4670844,420602,420124,420602,-4668332,420602,-4668340,420602,-4668308,420602,-4668316,420602,-4668324,420602,-4668328,420602,-4668336,420602,-4668344,420602,418906,420602,-4665664,420602,-4665672,420602,-4665640,420602,-4665648,420602,-4665656,420602,-4665660,420602,-4665668,420602,-4665676,420602,420504,420602,-4667184,420602,-4667180,420602,-4667186,420602,421486,420602,-4666032,420602,-4666028,420602,-4666034,420602,420302,420602,-4669890,420602,-4669886,420602,-4669892,420602,420340,420602,-4665778,420602,-4665774,420602,-4665780,420602,421718,420602,-4668122,420602,-4668118,420602,-4668124,420602,419904,420602,-4664220,420602,-4664216,420602,-4664222,420602,420926,420602,-4665080,420602,-4665076,420602,-4665082,420602,420368,420602,-4664174,420602,-4664170,420602,-4664176,420602,418538,420602,-4664356,420602,-4664352,420602,-4664358,420602,421668,420602,-4668764,420602,-4668760,420602,-4668766,420602,419510,420602,-4664494,420602,-4664490,420602,-4664496,420602,421114,420602,-4667688,420602,-4667684,420602,-4667690,420602,421228,420602,-4668204,420602,-4668200,420602,-4668206,420602,420760,420602,-4667852,420602,-4667848,420602,-4667854,420602,421468,420602,-4670916,420602,-4670912,420602,-4670918,420602,419572,420602,-4669774,420602,-4669770,420602,-4669776,420602,418544,420602,-4667596,420602,-4667592,420602,-4667598,420602,421138,420602,-4665128,420602,-4665124,420602,-4665130,420602,419656,420602,-4664340,420602,-4664336,420602,-4664342,420602,421438,420602,-4666372,420602,-4666368,420602,-4666374,420602,420452,420602,-4669650,420602,-4669646,420602,-4669652,420602,421816,420602,-4666468,420602,-4666464,420602,-4666470,420602,420838,420602,-4664696,420602,-4664692,420602,-4664698,420602,421650,420602,-4664094,420602,-4664090,420602,-4664096,420602,421730,420602,-4670636,420602,-4670632,420602,-4670638,420602,421692,420602,-4669958,420602,-4669954,420602,-4669960,420602,420350,420602,-4670310,420602,-4670306,420602,-4670312,420602,418608,420602,-4670668,420602,-4670664,420602,-4670670,420602,421552,420602,-4667058,420602,-4667054,420602,-4667060,420602,420692,420602,-4671276,420602,-4671272,420602,-4671278,420602,421006,420602,-4666080,420602,-4666076,420602,-4666082,420602,420296,420602,-4666500,420602,-4666496,420602,-4666502,420602,421410,420602,-4668810,420602,-4668806,420602,-4668812,420602,419316,420602,-4667940,420602,-4667936,420602,-4667942,420602,418682,420602,-4666484,420602,-4666480,420602,-4666486,420602,420434,420602,-4666048,420602,-4666044,420602,-4666050,420602,420506,420602,421488,420602,420304,420602,420342,420602,421720,420602,419906,420602,420928,420602,420370,420602,418540,420602,421670,420602,419512,420602,421116,420602,421230,420602,420762,420602,421470,420602,419574,420602,418546,420602,421140,420602,419658,420602,421440,420602,420454,420602,421818,420602,420840,420602,421652,420602,421732,420602,421694,420602,420352,420602,418610,420602,421554,420602,420694,420602,421008,420602,420298,420602,421412,420602,419318,420602,418684,420602,420436,420602,30494,30492,30754,30492,30756,30492,30758,30492,30760,30492,30762,30492,30764,30492,30766,30492,421174,418452,30774,30492,30504,30492,30776,30492,30510,30492,30770,30492,30498,30492,30772,30492,30500,30492,30514,30492,30484,30492,-4670138,418452,-4670146,418452,-4670154,418452,-4670162,418452,-4670170,418452,-4670178,418452,30486,30492,30488,30492,419450,420602,-4669394,420602,-4669390,420602,420804,420602,-4667200,420602,-4667196,420602,-4667202,420602,421320,420602,-4666320,420602,-4666316,420602,-4666322,420602,419566,420602,-4666710,420602,-4666706,420602,-4666712,420602,418956,420602,-4665064,420602,-4665060,420602,-4665066,420602,420426,420602,-4669170,420602,-4669166,420602,-4669172,420602,419486,420602,-4666584,420602,-4666580,420602,-4666586,420602,420274,420602,-4669806,420602,-4669802,420602,-4669808,420602,421252,420602,-4668284,420602,-4668280,420602,-4668286,420602,420810,420602,-4665144,420602,-4665140,420602,-4665146,420602,421246,420602,-4664796,420602,-4664792,420602,-4664798,420602,418982,420602,-4667168,420602,-4667164,420602,-4667170,420602,418744,420602,-4669186,420602,-4669182,420602,-4669188,420602,419282,420602,-4671000,420602,-4670996,420602,-4671002,420602,419288,420602,-4667284,420602,-4667280,420602,-4667286,420602,418882,420602,-4664600,420602,-4664596,420602,-4664602,420602,418526,420602,-4665112,420602,-4665108,420602,-4665114,420602,420594,420602,-4665476,420602,-4665472,420602,-4665478,420602,421126,420602,-4668584,420602,-4668580,420602,-4668586,420602,419674,420602,-4669078,420602,-4669074,420602,-4669080,420602,421644,420602,-4665344,420602,-4665340,420602,-4665346,420602,421536,420602,-4667146,420602,-4667142,420602,-4667148,420602,419928,420602,-4669790,420602,-4669786,420602,-4669792,420602,421748,420602,-4665176,420602,-4665172,420602,-4665178,420602,419112,420602,-4664632,420602,-4664628,420602,-4664634,420602,420822,420602,-4667516,420602,-4667512,420602,-4667518,420602,421784,420602,-4666888,420602,-4666884,420602,-4666890,420602,421586,420602,-4667448,420602,-4667444,420602,-4667450,420602,421632,420602,-4670534,420602,-4670530,420602,-4670536,420602,418602,420602,-4669634,420602,-4669630,420602,-4669636,420602,419594,420602,-4669874,420602,-4669870,420602,-4669876,420602,420534,420602,-4664744,420602,-4664740,420602,-4664746,420602,420244,420602,-4666972,420602,-4666968,420602,-4666974,420602,419758,420602,-4669858,420602,-4669854,420602,-4669860,420602,418932,420602,-4670052,420602,-4670048,420602,-4670054,420602,420228,420602,-4665762,420602,-4665758,420602,-4665764,420602,420512,420602,-4667646,420602,-4667654,420602,-4667622,420602,-4667630,420602,-4667638,420602,-4667642,420602,-4667650,420602,-4667658,420602,418750,420602,-4669020,420602,-4669028,420602,-4668996,420602,-4669004,420602,-4669012,420602,-4669016,420602,-4669024,420602,-4669032,420602,421270,420602,-4671114,420602,-4671122,420602,-4671090,420602,-4671098,420602,-4671106,420602,-4671110,420602,-4671118,420602,-4671126,420602,419744,420602,-4664526,420602,-4664534,420602,-4664502,420602,-4664510,420602,-4664518,420602,-4664522,420602,-4664530,420602,-4664538,420602,419136,420602,-4668654,420602,-4668662,420602,-4668630,420602,-4668638,420602,-4668646,420602,-4668650,420602,-4668658,420602,-4668666,420602,419706,420602,-4666668,420602,-4666676,420602,-4666644,420602,-4666652,420602,-4666660,420602,-4666664,420602,-4666672,420602,-4666680,420602,420806,420602,419452,420602,421322,420602,419568,420602,418958,420602,420428,420602,419488,420602,420276,420602,421254,420602,420812,420602,421248,420602,418984,420602,418746,420602,419284,420602,419290,420602,418884,420602,418528,420602,420596,420602,421128,420602,419676,420602,421646,420602,421538,420602,419930,420602,421750,420602,419114,420602,420824,420602,421786,420602,421588,420602,421634,420602,418604,420602,419596,420602,420536,420602,420246,420602,419760,420602,418934,420602,420230,420602,-4669396,420602,30422,30420,30628,30420,30630,30420,30632,30420,30636,30420,30640,30420,30634,30420,419150,420602,30654,30420,30646,30420,30648,30420,30650,30420,30652,30420,-4665724,420602,-4665732,420602,-4665744,420602,30622,30420,30624,30420,30424,30420,-4665728,420602,-4665746,420602,-4665738,420602,30626,30420,418888,420602,-4669664,420602,-4669672,420602,-4669684,420602,-4669668,420602,-4669686,420602,-4669678,420602,419962,420602,-4670946,420602,-4670954,420602,-4670966,420602,-4670950,420602,-4670968,420602,-4670960,420602,421608,420602,-4664234,420602,-4664242,420602,-4664254,420602,-4664238,420602,-4664256,420602,-4664248,420602,421314,420602,-4664456,420602,-4664464,420602,-4664476,420602,-4664460,420602,-4664478,420602,-4664470,420602,418926,420602,-4669820,420602,-4669828,420602,-4669840,420602,-4669824,420602,-4669842,420602,-4669834,420602,420698,420602,-4668726,420602,-4668734,420602,-4668746,420602,-4668730,420602,-4668748,420602,-4668740,420602,420850,420602,-4664758,420602,-4664766,420602,-4664778,420602,-4664762,420602,-4664780,420602,-4664772,420602,420844,420602,-4665306,420602,-4665314,420602,-4665326,420602,-4665310,420602,-4665328,420602,-4665320,420602,419842,420602,-4664286,420602,-4664294,420602,-4664306,420602,-4664290,420602,-4664308,420602,-4664300,420602,418660,420602,-4666250,420602,-4666258,420602,-4666270,420602,-4666254,420602,-4666272,420602,-4666264,420602,421104,420602,-4666546,420602,-4666554,420602,-4666566,420602,-4666550,420602,-4666568,420602,-4666560,420602,419016,420602,-4669304,420602,-4669312,420602,-4669324,420602,-4669308,420602,-4669326,420602,-4669318,420602,421018,420602,-4668442,420602,-4668450,420602,-4668462,420602,-4668446,420602,-4668464,420602,-4668456,420602,420858,420602,-4670480,420602,-4670488,420602,-4670500,420602,-4670484,420602,-4670502,420602,-4670494,420602,420418,420602,-4668166,420602,-4668174,420602,-4668186,420602,-4668170,420602,-4668188,420602,-4668180,420602,418628,420602,-4665506,420602,-4665514,420602,-4665526,420602,-4665510,420602,-4665528,420602,-4665520,420602,420038,420602,-4669972,420602,-4669980,420602,-4669992,420602,-4669976,420602,-4669994,420602,-4669986,420602,420552,420602,-4671320,420602,-4671328,420602,-4671340,420602,-4671324,420602,-4671342,420602,-4671334,420602,420486,420602,-4666146,420602,-4666154,420602,-4666166,420602,-4666150,420602,-4666168,420602,-4666160,420602,419680,420602,-4666918,420602,-4666926,420602,-4666938,420602,-4666922,420602,-4666940,420602,-4666932,420602,419188,420602,-4668530,420602,-4668538,420602,-4668550,420602,-4668534,420602,-4668552,420602,-4668544,420602,420080,420602,-4671238,420602,-4671246,420602,-4671258,420602,-4671242,420602,-4671260,420602,-4671252,420602,420398,420602,-4667462,420602,-4667470,420602,-4667482,420602,-4667466,420602,-4667484,420602,-4667476,420602,420198,420602,-4667342,420602,-4667350,420602,-4667362,420602,-4667346,420602,-4667364,420602,-4667356,420602,421500,420602,-4665542,420602,-4665550,420602,-4665562,420602,-4665546,420602,-4665564,420602,-4665556,420602,421742,420602,-4664894,420602,-4664902,420602,-4664914,420602,-4664898,420602,-4664916,420602,-4664908,420602,419352,420602,-4669700,420602,-4669708,420602,-4669720,420602,-4669704,420602,-4669722,420602,-4669714,420602,420668,420602,-4666598,420602,-4666606,420602,-4666618,420602,-4666602,420602,-4666620,420602,-4666612,420602,421158,420602,-4666110,420602,-4666118,420602,-4666130,420602,-4666114,420602,-4666132,420602,-4666124,420602,420282,420602,-4668928,420602,-4668936,420602,-4668948,420602,-4668932,420602,-4668950,420602,-4668942,420602,419080,420602,-4670548,420602,-4670556,420602,-4670568,420602,-4670552,420602,-4670570,420602,-4670562,420602,421302,420602,-4665610,420602,-4665618,420602,-4665630,420602,-4665614,420602,-4665632,420602,-4665624,420602,419646,420602,-4668824,420602,-4668832,420602,-4668844,420602,-4668828,420602,-4668846,420602,-4668838,420602,419358,420602,-4665026,420602,-4665034,420602,-4665046,420602,-4665030,420602,-4665048,420602,-4665040,420602,419516,420602,-4665688,420602,-4665696,420602,-4665708,420602,-4665692,420602,-4665710,420602,-4665702,420602,421366,420602,-4667072,420602,-4667080,420602,-4667092,420602,-4667076,420602,-4667094,420602,-4667086,420602,420288,420602,-4670066,420602,-4670074,420602,-4670086,420602,-4670070,420602,-4670088,420602,-4670080,420602,421542,420602,-4665358,420602,-4665366,420602,-4665378,420602,-4665362,420602,-4665380,420602,-4665372,420602,419790,420602,-4665190,420602,-4665198,420602,-4665210,420602,-4665194,420602,-4665212,420602,-4665204,420602,421076,420602,-4665860,420602,-4665868,420602,-4665880,420602,-4665864,420602,-4665882,420602,-4665874,420602,421772,420602,-4669904,420602,-4669912,420602,-4669924,420602,-4669908,420602,-4669926,420602,-4669918,420602,420634,420602,-4668006,420602,-4668014,420602,-4668026,420602,-4668010,420602,-4668028,420602,-4668020,420602,421098,420602,-4667902,420602,-4667910,420602,-4667922,420602,-4667906,420602,-4667924,420602,-4667916,420602,421432,420602,-4669236,420602,-4669244,420602,-4669256,420602,-4669240,420602,-4669258,420602,-4669250,420602,418938,420602,-4666198,420602,-4666206,420602,-4666218,420602,-4666202,420602,-4666220,420602,-4666212,420602,419218,420602,-4669200,420602,-4669208,420602,-4669220,420602,-4669204,420602,-4669222,420602,-4669214,420602,420374,420602,-4670008,420602,-4670016,420602,-4670028,420602,-4670012,420602,-4670030,420602,-4670022,420602,421426,420602,-4670762,420602,-4670770,420602,-4670782,420602,-4670766,420602,-4670784,420602,-4670776,420602,419830,420602,-4667108,420602,-4667116,420602,-4667128,420602,-4667112,420602,-4667130,420602,-4667122,420602,421494,420602,-4667410,420602,-4667418,420602,-4667430,420602,-4667414,420602,-4667432,420602,-4667424,420602,421092,420602,-4664842,420602,-4664850,420602,-4664862,420602,-4664846,420602,-4664864,420602,-4664856,420602,420470,420602,-4666334,420602,-4666342,420602,-4666354,420602,-4666338,420602,-4666356,420602,-4666348,420602,420680,420602,-4670862,420602,-4670870,420602,-4670882,420602,-4670866,420602,-4670884,420602,-4670876,420602,419938,420602,-4666740,420602,-4666748,420602,-4666760,420602,-4666744,420602,-4666762,420602,-4666754,420602,420620,420602,-4667246,420602,-4667254,420602,-4667266,420602,-4667250,420602,-4667268,420602,-4667260,420602,420736,420602,-4667866,420602,-4667874,420602,-4667886,420602,-4667870,420602,-4667888,420602,-4667880,420602,421180,420602,-4667750,420602,-4667758,420602,-4667770,420602,-4667754,420602,-4667772,420602,-4667764,420602,419200,420602,-4668876,420602,-4668884,420602,-4668896,420602,-4668880,420602,-4668898,420602,-4668890,420602,418670,420602,-4665808,420602,-4665816,420602,-4665828,420602,-4665812,420602,-4665830,420602,-4665822,420602,420686,420602,-4668964,420602,-4668972,420602,-4668984,420602,-4668968,420602,-4668986,420602,-4668978,420602,421462,420602,-4668478,420602,-4668486,420602,-4668498,420602,-4668482,420602,-4668500,420602,-4668492,420602,421530,420602,-4671492,420602,-4671500,420602,-4671512,420602,-4671496,420602,-4671514,420602,-4671506,420602,420954,420602,-4669356,420602,-4669364,420602,-4669376,420602,-4669360,420602,-4669378,420602,-4669370,420602,421444,420602,-4667970,420602,-4667978,420602,-4667990,420602,-4667974,420602,-4667992,420602,-4667984,420602,421760,420602,-4671528,420602,-4671536,420602,-4671548,420602,-4671532,420602,-4671550,420602,-4671542,420602,420258,420602,-4669736,420602,-4669744,420602,-4669756,420602,-4669740,420602,-4669758,420602,-4669750,420602,156110,156108,156112,156108,156114,156108,156116,156108,421812,420602,419034,420602,419346,420602,420002,420602,418562,420602,420570,420602,421754,420602,420328,420602,418838,420602,421308,420602,420362,420602,419156,420602,418944,420602,421392,420602,420392,420602,419152,420602,418890,420602,419964,420602,421610,420602,421316,420602,418928,420602,420700,420602,420852,420602,420846,420602,419844,420602,418662,420602,421106,420602,419018,420602,421020,420602,420860,420602,420420,420602,418630,420602,420040,420602,420554,420602,420488,420602,419682,420602,419190,420602,420082,420602,420400,420602,420200,420602,421502,420602,421744,420602,419354,420602,420670,420602,421160,420602,420284,420602,419082,420602,421304,420602,419648,420602,419360,420602,419518,420602,421368,420602,420290,420602,421544,420602,419792,420602,421078,420602,421774,420602,420636,420602,421100,420602,421434,420602,418940,420602,419220,420602,420376,420602,421428,420602,419832,420602,421496,420602,421094,420602,420472,420602,420682,420602,419940,420602,420622,420602,420738,420602,421182,420602,419202,420602,418672,420602,420688,420602,421464,420602,421532,420602,420956,420602,421446,420602,421762,420602,420260,420602,421832,420602,420508,420602,420052,420602,421354,420602,419934,420602,421164,420602,418866,420602,418874,420602,419620,420602,420346,420602,421562,420602,421520,420602,421628,420602,419430,420602,420786,420602,420600,420602,418894,420602,419590,420602,421350,420602,419272,420602,420318,420602,420380,420602,420904,420602,420270,420602,421186,420602,421404,420602,421082,420602,419624,420602,419652,420602,419578,420602,420766,420602,418774,420602,419924,420602,421328,420602,418654,420602,419404,420602,419302,420602,-4671404,420602,-4671412,420602,-4671380,420602,-4671388,420602,-4671396,420602,-4671400,420602,-4671408,420602,-4671416,420602,-4670734,420602,-4670742,420602,-4670750,420602,419178,420602,418816,420602,419312,420602,418916,420602,419504,420602,420134,420602,419716,420602,419754,420602,419146,420602]]}],"project-settings":[{"id":-1,"assetBundleId":-2,"data":[[["UnityEngine.U2D.CinemachinePixelPerfect",-1],["UnityEngine.EventSystems.EventSystem",-1000],["UnityEngine.UI.ToggleGroup",10],["TMPro.TextMeshPro",-105],["TMPro.TextMeshProUGUI",-100],["TMPro.TextContainer",-110]],[[0,"Default",0]],[[0,"Default"],[1,"TransparentFX"],[2,"Ignore Raycast"],[4,"Water"],[5,"UI"]],[0.0199999921023846,0.333333343267441,1,0.0299999993294477],[0,-9.8100004196167,0,6,2,0,1,[[0,0,0],[0,0,1],[0,0,2],[0,0,4],[0,0,5],[0,1,0],[0,1,1],[0,1,2],[0,1,4],[0,1,5],[0,2,0],[0,2,1],[0,2,2],[0,2,4],[0,2,5],[0,4,0],[0,4,1],[0,4,2],[0,4,4],[0,4,5],[0,5,0],[0,5,1],[0,5,2],[0,5,4],[0,5,5]]],[null,null,0,-9.8100004196167,3,8,1,0.200000002980232,8,100,360,0.200000002980232,0.75,0.5,0.00999999977648258,2,0.00999999977648258,1,1,1,1,1,0,[[0,0,0],[0,0,1],[0,0,2],[0,0,4],[0,0,5],[0,1,0],[0,1,1],[0,1,2],[0,1,4],[0,1,5],[0,2,0],[0,2,1],[0,2,2],[0,2,4],[0,2,5],[0,4,0],[0,4,1],[0,4,2],[0,4,4],[0,4,5],[0,5,0],[0,5,1],[0,5,2],[0,5,4],[0,5,5]]],[[[[],["Very Low","Low","Medium","High","Very High","Ultra"],0,0,0,0.300000011920929,1,15,0,1,0,0,0,0,0,1,2,4,0,0,0.333333343267441,0.0666666701436043,0.200000002980232,0.466666668653488,0,0,16,2,0,3,512,0,1,2,512,1,1024,0],[[],["Very Low","Low","Medium","High","Very High","Ultra"],0,0,0,0.400000005960464,1,20,0,1,0,0,0,0,0,0,2,16,0,0,0.333333343267441,0.0666666701436043,0.200000002980232,0.466666668653488,0,0,16,2,0,3,512,0,1,2,512,1,1024,1],[[],["Very Low","Low","Medium","High","Very High","Ultra"],1,1,0,0.699999988079071,1,20,0,1,0,0,0,0,0,0,2,64,1,0,0.333333343267441,0.0666666701436043,0.200000002980232,0.466666668653488,0,1,16,2,0,3,512,0,1,2,512,1,1024,2],[[],["Very Low","Low","Medium","High","Very High","Ultra"],2,1,0,1,2,40,1,1,1,0,1,0,0,0,2,256,2,1,0.333333343267441,0.0666666701436043,0.200000002980232,0.466666668653488,0,1,16,2,1,3,512,0,1,2,512,1,1024,3],[[],["Very Low","Low","Medium","High","Very High","Ultra"],2,2,2,1.5,2,70,1,1,2,1,1,0,0,0,2,1024,3,1,0.333333343267441,0.0666666701436043,0.200000002980232,0.466666668653488,0,1,16,2,1,3,512,0,1,2,512,1,1024,4],[[],["Very Low","Low","Medium","High","Very High","Ultra"],2,2,2,2,4,150,1,1,2,1,1,0,0,0,2,4096,4,1,0.333333343267441,0.0666666701436043,0.200000002980232,0.466666668653488,0,1,16,2,1,3,512,0,1,2,512,1,1024,5]],["Very Low","Low","Medium","High","Very High","Ultra"],2,2,2,2,4,150,1,1,2,1,1,0,0,0,2,4096,4,1,0.333333343267441,0.0666666701436043,0.200000002980232,0.466666668653488,0,1,16,2,1,3,512,0,1,2,512,1,1024,5],0,0,0,2,0,["Untagged","Respawn","Finish","EditorOnly","MainCamera","Player","GameController"]]}]}