{"materials":[{"id":560,"path":"Resources/unity_builtin_extra\\Sprites-Default","assetBundleId":-2,"data":["Sprites-Default",11,26,3000,0,[["PixelSnap",0],["_EnableExternalAlpha",0]],[["_Color",1,1,1,1],["_RendererColor",1,1,1,1]],[["_MainTex_ST",1,1,0,0],["_Flip",1,1,1,1],["_AlphaTex_ST",1,1,0,0]],[["_MainTex",null,null],["_AlphaTex",null,null]],[]]},{"id":768,"path":"Resources/unity_builtin_extra\\Default-Line","assetBundleId":-2,"data":["Default-Line",11,168,3000,0,[["_InvFade",1]],[],[["_MainTex_ST",1,1,0,0]],[["_MainTex",null,null]],[]]}],"shaders":[{"id":26,"assetBundleId":-2,"data":[[],"Sprites/Default",null,["PIXELSNAP_ON","ETC1_EXTERNAL_ALPHA","INSTANCING_ON","STEREO_CUBEMAP_RENDER_ON","STEREO_INSTANCING_ON","STEREO_MULTIVIEW_ON","UNITY_SINGLE_PASS_STEREO","_","__"],[[0,0,"",0,"",0,[4,null],[0,null],[0,null],[[1,null],[10,null],[0,null]],[[1,null],[10,null],[0,null]],[15,null],[0,null],[0,null],[0,null],[255,null],[255,null],[[0,null],[0,null],[0,null],[8,null]],[[0,null],[0,null],[0,null],[8,null]],[[0,null],[0,null],[0,null],[8,null]],[["CanUseSpriteAtlas","true"],["IGNOREPROJECTOR","true"],["PreviewType","Plane"],["QUEUE","Transparent"],["RenderType","Transparent"]],["ETC1_EXTERNAL_ALPHA","INSTANCING_ON","PIXELSNAP_ON","STEREO_CUBEMAP_RENDER_ON","STEREO_INSTANCING_ON","STEREO_MULTIVIEW_ON","UNITY_SINGLE_PASS_STEREO","_","__"],[],[[0,0,[],2,3,1,0]],[],0]],[],[["_MainTex",4,0,0,0,0,"white",2],["_Color",0,1,1,1,1,"",0],["PixelSnap",2,0,0,0,0,"",0],["_RendererColor",0,1,1,1,1,"",1],["_Flip",1,1,1,1,1,"",1],["_AlphaTex",4,0,0,0,0,"white",2],["_EnableExternalAlpha",2,0,0,0,0,"",2]],null,null,0,0,0]},{"id":28,"assetBundleId":-2,"data":[[],"UI/Default",null,["UNITY_UI_ALPHACLIP","UNITY_UI_CLIP_RECT","STEREO_CUBEMAP_RENDER_ON","STEREO_INSTANCING_ON","STEREO_MULTIVIEW_ON","UNITY_SINGLE_PASS_STEREO","_"],[[0,0,"Default",0,"",0,[0,"unity_GUIZTestMode"],[0,null],[0,null],[[1,null],[10,null],[0,null]],[[1,null],[10,null],[0,null]],[0,"_ColorMask"],[0,null],[0,null],[0,"_Stencil"],[0,"_StencilReadMask"],[0,"_StencilWriteMask"],[[0,"_StencilOp"],[0,null],[0,null],[0,"_StencilComp"]],[[0,null],[0,null],[0,null],[8,null]],[[0,null],[0,null],[0,null],[8,null]],[["CanUseSpriteAtlas","true"],["IGNOREPROJECTOR","true"],["PreviewType","Plane"],["QUEUE","Transparent"],["RenderType","Transparent"]],["STEREO_CUBEMAP_RENDER_ON","STEREO_INSTANCING_ON","STEREO_MULTIVIEW_ON","UNITY_SINGLE_PASS_STEREO","UNITY_UI_ALPHACLIP","UNITY_UI_CLIP_RECT","_"],[],[[0,0,[],4,5,1,0],[0,0,["UNITY_UI_ALPHACLIP"],4,6,1,0]],[],0]],[],[["_MainTex",4,0,0,0,0,"white",2],["_Color",0,1,1,1,1,"",0],["_StencilComp",2,8,0,0,0,"",0],["_Stencil",2,0,0,0,0,"",0],["_StencilOp",2,0,0,0,0,"",0],["_StencilWriteMask",2,255,0,0,0,"",0],["_StencilReadMask",2,255,0,0,0,"",0],["_ColorMask",2,15,0,0,0,"",0],["_UseUIAlphaClip",2,0,0,0,0,"",0]],null,null,0,0,0]},{"id":168,"assetBundleId":-2,"data":[[],"Legacy Shaders/Particles/Alpha Blended Premultiply",null,["SOFTPARTICLES_ON","STEREO_CUBEMAP_RENDER_ON","STEREO_INSTANCING_ON","STEREO_MULTIVIEW_ON","UNITY_SINGLE_PASS_STEREO","__"],[[0,0,"",0,"",0,[4,null],[0,null],[0,null],[[1,null],[10,null],[0,null]],[[1,null],[10,null],[0,null]],[14,null],[0,null],[0,null],[0,null],[255,null],[255,null],[[0,null],[0,null],[0,null],[8,null]],[[0,null],[0,null],[0,null],[8,null]],[[0,null],[0,null],[0,null],[8,null]],[["IGNOREPROJECTOR","true"],["PreviewType","Plane"],["QUEUE","Transparent"],["RenderType","Transparent"]],["SOFTPARTICLES_ON","STEREO_CUBEMAP_RENDER_ON","STEREO_INSTANCING_ON","STEREO_MULTIVIEW_ON","UNITY_SINGLE_PASS_STEREO","__"],[],[[0,0,[],12,13,1,0]],[],0]],[],[["_MainTex",4,0,0,0,0,"white",0],["_InvFade",3,1,0.00999999977648258,3,0,"",0]],null,null,0,0,0]},{"id":48,"assetBundleId":-2,"data":[[],"Hidden/BlitCopy",null,["STEREO_CUBEMAP_RENDER_ON","STEREO_INSTANCING_ON","STEREO_MULTIVIEW_ON","UNITY_SINGLE_PASS_STEREO"],[[0,0,"",0,"",0,[8,null],[0,null],[0,null],[[1,null],[0,null],[0,null]],[[1,null],[0,null],[0,null]],[15,null],[0,null],[0,null],[0,null],[255,null],[255,null],[[0,null],[0,null],[0,null],[8,null]],[[0,null],[0,null],[0,null],[8,null]],[[0,null],[0,null],[0,null],[8,null]],[],["STEREO_CUBEMAP_RENDER_ON","STEREO_INSTANCING_ON","STEREO_MULTIVIEW_ON","UNITY_SINGLE_PASS_STEREO"],[],[],[],0]],[],[["_MainTex",4,0,0,0,0,"",0],["_Color",0,1,1,1,1,"",0]],null,null,0,0,0]}],"resources":[{"id":0,"assetBundleId":-2,"data":[[["fonts & materials/lilitaone-regular sdf",12,26630],["fonts & materials/lilitaone-regular sdf",10,26628],["fonts & materials/lilitaone-regular",12,30706],["fonts & materials/lilitaone-regular",58,30682],["fonts & materials/lilitaone-regular sdf",9,26626],["unity_builtin_extra",11,168],["unity_builtin_extra",10,768],["unity_builtin_extra",11,26],["unity_builtin_extra",10,560],["unity_builtin_extra",11,28],["fonts & materials/liberationsans sdf",9,26604],["sprite assets/emojione",10,44890],["sprite assets/emojione",63,26592],["style sheets/default style sheet",64,26550],["linebreaking leading characters",60,30964],["linebreaking following characters",60,30966],["tmp settings",62,27018]],[30408,30406,30390,30406,30400,30406,30662,30406,30664,30406,30666,30406,30392,30406,30402,30406,30396,30406,48938,50334,30684,30406,30686,30406,30690,30406,30692,30406,30696,30406,-36920,50334,30694,30406,-36928,50334,30688,30406,-36896,50334,-36904,50334,-36912,50334,48606,50334,-33876,50334,-33884,50334,-33852,50334,-33860,50334,-33868,50334,30658,30406,30398,30406,-33872,50334,-33880,50334,-33888,50334,30380,30378,30382,30378,30414,30378,30376,30378,51538,50334,30620,30378,-39436,50334,-39432,50334,30614,30378,30616,30378,30374,30378,-39438,50334,49862,50334,-33002,50334,-32998,50334,-33004,50334,49808,50334,-38856,50334,-38852,50334,-38858,50334,51078,50334,-38272,50334,-38268,50334,-38274,50334,49696,50334,-37208,50334,-37204,50334,-37210,50334,50894,50334,-37224,50334,-37220,50334,-37226,50334,48652,50334,-33572,50334,-33568,50334,-33574,50334,48660,50334,-33310,50334,-33306,50334,-33312,50334,49382,50334,-34458,50334,-34454,50334,-34460,50334,50094,50334,-37640,50334,-37636,50334,-37642,50334,51280,50334,-37388,50334,-37384,50334,-37390,50334,51238,50334,-37056,50334,-37052,50334,-37058,50334,51346,50334,-39372,50334,-39368,50334,-39374,50334,49192,50334,-39388,50334,-39384,50334,-39390,50334,50516,50334,-38140,50334,-38136,50334,-38142,50334,50330,50334,-36088,50334,-36084,50334,-36090,50334,48680,50334,-34526,50334,-34522,50334,-34528,50334,49352,50334,-33050,50334,-33046,50334,-33052,50334,50710,50334,51074,50334,-34064,50334,-34066,50334,49040,50334,-33970,50334,-33966,50334,-33972,50334,50072,50334,-33178,50334,-33174,50334,-33180,50334,50122,50334,-32374,50334,-32370,50334,-32376,50334,50634,50334,-32406,50334,-32402,50334,-32408,50334,51126,50334,50024,50334,-38302,50334,-38304,50334,49684,50334,50916,50334,-37670,50334,-37672,50334,51344,50334,51122,50334,-34110,50334,-34112,50334,49876,50334,50812,50334,-36888,50334,-36890,50334,49012,50334,49386,50334,-38056,50334,-38058,50334,50048,50334,49414,50334,-34634,50334,-34636,50334,50034,50334,49340,50334,-35940,50334,-35942,50334,48840,50334,50496,50334,-38404,50334,-38406,50334,50708,50334,48566,50334,-33340,50334,-33342,50334,51018,50334,49686,50334,-35250,50334,-35252,50334,49326,50334,51052,50334,-35878,50334,-35880,50334,49090,50334,48450,50334,-35970,50334,-35972,50334,49496,50334,49166,50334,-32938,50334,-32940,50334,51064,50334,-32358,50334,-32354,50334,-32360,50334,50640,50334,-34620,50334,-34616,50334,-34622,50334,50792,50334,-37288,50334,-37284,50334,-37290,50334,50386,50334,-32694,50334,-32690,50334,-32696,50334,51234,50334,-37686,50334,-37682,50334,-37688,50334,48556,50334,-38772,50334,-38768,50334,-38774,50334,49872,50334,-32458,50334,-32454,50334,-32460,50334,48596,50334,-34342,50334,-34338,50334,-34344,50334,49866,50334,-36774,50334,-36770,50334,-36776,50334,50972,50334,-39076,50334,-39072,50334,-39078,50334,49790,50334,-32908,50334,-32904,50334,-32910,50334,49754,50334,-32642,50334,-32638,50334,-32644,50334,48816,50334,-35664,50334,-35660,50334,-35666,50334,51014,50334,-33262,50334,-33258,50334,-33264,50334,50314,50334,-36320,50334,-36316,50334,-36322,50334,49600,50334,-32342,50334,-32338,50334,-32344,50334,48324,50334,-35184,50334,-35180,50334,-35186,50334,51406,50334,-38572,50334,-38568,50334,-38574,50334,48648,50334,-37088,50334,-37084,50334,-37090,50334,50884,50334,-33098,50334,-33094,50334,-33100,50334,49772,50334,-34410,50334,-34406,50334,-34412,50334,49404,50334,-36858,50334,-36854,50334,-36860,50334,48778,50334,-38156,50334,-38152,50334,-38158,50334,50202,50334,-33424,50334,-33420,50334,-33426,50334,48786,50334,-32986,50334,-32982,50334,-32988,50334,50196,50334,-35168,50334,-35164,50334,-35170,50334,51118,50334,-32222,50334,-32218,50334,-32224,50334,48504,50334,-34758,50334,-34754,50334,-34760,50334,51176,50334,-39172,50334,-39168,50334,-39174,50334,49000,50334,-39124,50334,-39120,50334,-39126,50334,50346,50334,-34918,50334,-34914,50334,-34920,50334,49650,50334,-39060,50334,-39056,50334,-39062,50334,48758,50334,-35482,50334,-35478,50334,-35484,50334,50548,50334,-33688,50334,-33684,50334,-33690,50334,49966,50334,-36104,50334,-36100,50334,-36106,50334,49528,50334,-39092,50334,-39088,50334,-39094,50334,49244,50334,-37870,50334,-37866,50334,-37872,50334,48872,50334,-38520,50334,-38516,50334,-38522,50334,48380,50334,-35236,50334,-35232,50334,-35238,50334,51424,50334,-35076,50334,-35072,50334,-35078,50334,49942,50334,-36152,50334,-36148,50334,-36154,50334,48354,50334,-36236,50334,-36232,50334,-36238,50334,48708,50334,-34934,50334,-34930,50334,-34936,50334,49802,50334,-36424,50334,-36420,50334,-36426,50334,48562,50334,-38124,50334,-38120,50334,-38126,50334,50504,50334,-34034,50334,-34030,50334,-34036,50334,50996,50334,-37024,50334,-37020,50334,-37026,50334,48844,50334,-33604,50334,-33600,50334,-33606,50334,50474,50334,-33034,50334,-33030,50334,-33036,50334,49534,50334,-39500,50334,-39496,50334,-39502,50334,49238,50334,-34854,50334,-34850,50334,-34856,50334,48304,50334,-36120,50334,-36116,50334,-36122,50334,50178,50334,-34226,50334,-34222,50334,-34228,50334,49172,50334,-36592,50334,-36588,50334,-36594,50334,50230,50334,-37990,50334,-37986,50334,-37992,50334,49564,50334,-34442,50334,-34438,50334,-34444,50334,50652,50334,-34966,50334,-34962,50334,-34968,50334,50308,50334,-33326,50334,-33322,50334,-33328,50334,49778,50334,-36528,50334,-36524,50334,-36530,50334,49856,50334,-34806,50334,-34802,50334,-34808,50334,48906,50334,-38788,50334,-38784,50334,-38790,50334,50480,50334,-39340,50334,-39336,50334,-39342,50334,51170,50334,-39484,50334,-39480,50334,-39486,50334,48792,50334,-34822,50334,-34818,50334,-34824,50334,51444,50334,-33918,50334,-33914,50334,-33920,50334,49094,50334,-37702,50334,-37698,50334,-37704,50334,48284,50334,-34142,50334,-34138,50334,-34144,50334,50184,50334,-35466,50334,-35462,50334,-35468,50334,50320,50334,-33772,50334,-33768,50334,-33774,50334,49894,50334,-39324,50334,-39320,50334,-39326,50334,48278,50334,-38872,50334,-38868,50334,-38874,50334,51194,50334,-35864,50334,-35860,50334,-35866,50334,48360,50334,-33372,50334,-33368,50334,-33374,50334,48822,50334,-36576,50334,-36572,50334,-36578,50334,48510,50334,-34426,50334,-34422,50334,-34428,50334,50406,50334,-32762,50334,-32758,50334,-32764,50334,48952,50334,-35390,50334,-35386,50334,-35392,50334,50756,50334,-36304,50334,-36300,50334,-36306,50334,51480,50334,-34394,50334,-34390,50334,-34396,50334,50522,50334,-35696,50334,-35692,50334,-35698,50334,50714,50334,-33162,50334,-33158,50334,-33164,50334,51066,50334,50642,50334,50794,50334,50388,50334,51236,50334,48558,50334,49874,50334,48598,50334,49868,50334,50974,50334,49792,50334,49756,50334,48818,50334,51016,50334,50316,50334,49602,50334,48326,50334,51408,50334,48650,50334,50886,50334,49774,50334,49406,50334,48780,50334,50204,50334,48788,50334,50198,50334,51120,50334,48506,50334,51178,50334,49002,50334,50348,50334,49652,50334,48760,50334,50550,50334,49968,50334,49530,50334,49246,50334,48874,50334,48382,50334,51426,50334,49944,50334,48356,50334,48710,50334,49804,50334,48564,50334,50506,50334,50998,50334,48846,50334,50476,50334,49536,50334,49240,50334,48306,50334,50180,50334,49174,50334,50232,50334,49566,50334,50654,50334,50310,50334,49780,50334,49858,50334,48908,50334,50482,50334,51172,50334,48794,50334,51446,50334,49096,50334,48286,50334,50186,50334,50322,50334,49896,50334,48280,50334,51196,50334,48362,50334,48824,50334,48512,50334,50408,50334,48954,50334,50758,50334,51482,50334,50524,50334,50716,50334,51400,50334,-37802,50334,-37798,50334,-37804,50334,51456,50334,-38420,50334,-38416,50334,-38422,50334,49972,50334,-35796,50334,-35792,50334,-35798,50334,51244,50334,-33902,50334,-33898,50334,-33904,50334,49146,50334,-38588,50334,-38584,50334,-38590,50334,49302,50334,-37240,50334,-37236,50334,-37242,50334,51322,50334,-35540,50334,-35536,50334,-35542,50334,48828,50334,-34080,50334,-34076,50334,-34082,50334,50084,50334,-37818,50334,-37814,50334,-37820,50334,51070,50334,-35092,50334,-35088,50334,-35094,50334,49046,50334,-32970,50334,-32966,50334,-32972,50334,49960,50334,-37572,50334,-37568,50334,-37574,50334,51058,50334,-34790,50334,-34786,50334,-34792,50334,49632,50334,-37588,50334,-37584,50334,-37590,50334,50218,50334,-35986,50334,-35982,50334,-35988,50334,50106,50334,-38940,50334,-38936,50334,-38942,50334,48688,50334,-36372,50334,-36368,50334,-36374,50334,48572,50334,-37718,50334,-37714,50334,-37720,50334,48446,50334,-34258,50334,-34254,50334,-34260,50334,48804,50334,-37336,50334,-37332,50334,-37338,50334,50510,50334,-33246,50334,-33242,50334,-33248,50334,49308,50334,-33476,50334,-33472,50334,-33478,50334,50954,50334,-33672,50334,-33668,50334,-33674,50334,49620,50334,-35780,50334,-35776,50334,-35782,50334,48770,50334,-37192,50334,-37188,50334,-37194,50334,49140,50334,-38672,50334,-38668,50334,-38674,50334,48470,50334,-35956,50334,-35952,50334,-35958,50334,50666,50334,-38354,50334,-38350,50334,-38356,50334,50296,50334,-38256,50334,-38252,50334,-38258,50334,50864,50334,-33588,50334,-33584,50334,-33590,50334,48272,50334,-37786,50334,-37782,50334,-37788,50334,51512,50334,-38504,50334,-38500,50334,-38506,50334,49662,50334,-39452,50334,-39448,50334,-39454,50334,50646,50334,-36136,50334,-36132,50334,-36138,50334,48440,50334,-38436,50334,-38432,50334,-38438,50334,48810,50334,-37140,50334,-37136,50334,-37142,50334,48498,50334,-36512,50334,-36508,50334,-36514,50334,50818,50334,-38288,50334,-38284,50334,-38290,50334,49464,50334,-32254,50334,-32250,50334,-32256,50334,51200,50334,-34210,50334,-34206,50334,-34212,50334,49784,50334,-34050,50334,-34046,50334,-34052,50334,48336,50334,-39468,50334,-39464,50334,-39470,50334,48850,50334,-36608,50334,-36604,50334,-36610,50334,50966,50334,-38240,50334,-38236,50334,-38242,50334,51382,50334,-39420,50334,-39416,50334,-39422,50334,49208,50334,-36220,50334,-36216,50334,-36222,50334,50762,50334,-39188,50334,-39184,50334,-39190,50334,51394,50334,-32474,50334,-32470,50334,-32476,50334,50236,50334,-36874,50334,-36870,50334,-36876,50334,50150,50334,-36716,50334,-36712,50334,-36718,50334,50602,50334,-34774,50334,-34770,50334,-34776,50334,51492,50334,-38992,50334,-38988,50334,-38994,50334,48310,50334,-32390,50334,-32386,50334,-32392,50334,48994,50334,-39272,50334,-39268,50334,-39274,50334,49766,50334,-38042,50334,-38038,50334,-38044,50334,50692,50334,-34902,50334,-34898,50334,-34904,50334,48732,50334,-38208,50334,-38204,50334,-38210,50334,49540,50334,-39240,50334,-39236,50334,-39242,50334,49644,50334,-37456,50334,-37452,50334,-37458,50334,48932,50334,-32778,50334,-32774,50334,-32780,50334,51358,50334,-38452,50334,-38448,50334,-38454,50334,50744,50334,-37488,50334,-37484,50334,-37490,50334,50372,50334,-35926,50334,-35922,50334,-35928,50334,49656,50334,-33720,50334,-33716,50334,-33722,50334,50078,50334,-35018,50334,-35014,50334,-35020,50334,50302,50334,-34194,50334,-34190,50334,-34196,50334,48602,50334,-32490,50334,-32486,50334,-32492,50334,48578,50334,-32238,50334,-32234,50334,-32240,50334,49626,50334,-39140,50334,-39136,50334,-39142,50334,50596,50334,-38688,50334,-38684,50334,-38690,50334,49612,50334,-35764,50334,-35760,50334,-35766,50334,48752,50334,-37556,50334,-37552,50334,-37558,50334,48964,50334,-36624,50334,-36620,50334,-36626,50334,49978,50334,-37320,50334,-37316,50334,-37322,50334,49760,50334,-38604,50334,-38600,50334,-38606,50334,51376,50334,-34096,50334,-34092,50334,-34098,50334,50990,50334,-32746,50334,-32742,50334,-32748,50334,49458,50334,-34682,50334,-34678,50334,-34684,50334,50486,50334,-37504,50334,-37500,50334,-37506,50334,51104,50334,-38720,50334,-38716,50334,-38722,50334,48394,50334,-33986,50334,-33982,50334,-33988,50334,51402,50334,51458,50334,49974,50334,51246,50334,49148,50334,49304,50334,51324,50334,48830,50334,50086,50334,51072,50334,49048,50334,49962,50334,51060,50334,49634,50334,50220,50334,50108,50334,48690,50334,48574,50334,48448,50334,48806,50334,50512,50334,49310,50334,50956,50334,49622,50334,48772,50334,49142,50334,48472,50334,50668,50334,50298,50334,50866,50334,48274,50334,51514,50334,49664,50334,50648,50334,48442,50334,48812,50334,48500,50334,50820,50334,49466,50334,51202,50334,49786,50334,48338,50334,48852,50334,50968,50334,51384,50334,49210,50334,50764,50334,51396,50334,50238,50334,50152,50334,50604,50334,51494,50334,48312,50334,48996,50334,49768,50334,50694,50334,48734,50334,49542,50334,49646,50334,48934,50334,51360,50334,50746,50334,50374,50334,49658,50334,50080,50334,50304,50334,48604,50334,48580,50334,49628,50334,50598,50334,49614,50334,48754,50334,48966,50334,49980,50334,49762,50334,51378,50334,50992,50334,49460,50334,50488,50334,51106,50334,48396,50334,48618,50334,-36062,50334,-36070,50334,-36038,50334,-36046,50334,-36054,50334,-36058,50334,-36066,50334,-36074,50334,48516,50334,-35142,50334,-35150,50334,-35118,50334,-35126,50334,-35134,50334,-35138,50334,-35146,50334,-35154,50334,48290,50334,-36690,50334,-36698,50334,-36666,50334,-36674,50334,-36682,50334,-36686,50334,-36694,50334,-36702,50334,49258,50334,-34558,50334,-34566,50334,-34534,50334,-34542,50334,-34550,50334,-34554,50334,-34562,50334,-34570,50334,49880,50334,-36962,50334,-36970,50334,-36938,50334,-36946,50334,-36954,50334,-36958,50334,-36966,50334,-36974,50334,48694,50334,-35050,50334,-35058,50334,-35026,50334,-35034,50334,-35042,50334,-35046,50334,-35054,50334,-35062,50334,50242,50334,-37072,50334,-37068,50334,-37074,50334,51206,50334,-34126,50334,-34122,50334,-34128,50334,50058,50334,-33146,50334,-33142,50334,-33148,50334,50090,50334,-34838,50334,-34834,50334,-34840,50334,51438,50334,-37440,50334,-37436,50334,-37442,50334,49668,50334,-33620,50334,-33616,50334,-33622,50334,50658,50334,-36640,50334,-36636,50334,-36642,50334,50112,50334,-34242,50334,-34238,50334,-34244,50334,48342,50334,-33066,50334,-33062,50334,-33068,50334,51388,50334,-34326,50334,-34322,50334,-34328,50334,49274,50334,-39356,50334,-39352,50334,-39358,50334,50846,50334,-34886,50334,-34882,50334,-34888,50334,50960,50334,-36204,50334,-36200,50334,-36206,50334,50492,50334,-32594,50334,-32590,50334,-32596,50334,51188,50334,-33294,50334,-33290,50334,-33296,50334,49336,50334,-35910,50334,-35906,50334,-35912,50334,48348,50334,-34474,50334,-34470,50334,-34476,50334,50870,50334,-36790,50334,-36786,50334,-36792,50334,49420,50334,-34950,50334,-34946,50334,-34952,50334,51158,50334,-35894,50334,-35890,50334,-35896,50334,50190,50334,-32170,50334,-32166,50334,-32172,50334,51526,50334,-33356,50334,-33352,50334,-33358,50334,50570,50334,-37040,50334,-37036,50334,-37042,50334,51370,50334,-33082,50334,-33078,50334,-33084,50334,51450,50334,-34274,50334,-34270,50334,-34276,50334,51412,50334,-37656,50334,-37652,50334,-37658,50334,50100,50334,-35680,50334,-35676,50334,-35682,50334,48406,50334,-39404,50334,-39400,50334,-39406,50334,51272,50334,-35108,50334,-35104,50334,-35110,50334,50424,50334,-36656,50334,-36652,50334,-36658,50334,50738,50334,-39256,50334,-39252,50334,-39258,50334,50052,50334,-33114,50334,-33110,50334,-33116,50334,51130,50334,-34018,50334,-34014,50334,-34020,50334,49086,50334,-33278,50334,-33274,50334,-33280,50334,48476,50334,-38924,50334,-38920,50334,-38926,50334,50172,50334,-33018,50334,-33014,50334,-33020,50334,50244,50334,51208,50334,50060,50334,50092,50334,51440,50334,49670,50334,50660,50334,50114,50334,48344,50334,51390,50334,49276,50334,50848,50334,50962,50334,50494,50334,51190,50334,49338,50334,48350,50334,50872,50334,49422,50334,51160,50334,50192,50334,51528,50334,50572,50334,51372,50334,51452,50334,51414,50334,50102,50334,48408,50334,51274,50334,50426,50334,50740,50334,50054,50334,51132,50334,49088,50334,48478,50334,50174,50334,30494,30492,30754,30492,30756,30492,30758,30492,30760,30492,30762,30492,30764,30492,30766,30492,50906,48256,30774,30492,30504,30492,30776,30492,30510,30492,30770,30492,30498,30492,30772,30492,30500,30492,30514,30492,30484,30492,-36248,48256,-36256,48256,-36264,48256,-36272,48256,-36280,48256,-36288,48256,30486,30492,30488,30492,49214,50334,-34666,50334,-34662,50334,50536,50334,-36842,50334,-36838,50334,-36844,50334,51046,50334,-34002,50334,-33998,50334,-34004,50334,49330,50334,-38072,50334,-38068,50334,-38074,50334,48738,50334,-33230,50334,-33226,50334,-33232,50334,50164,50334,-32954,50334,-32950,50334,-32956,50334,49250,50334,-38620,50334,-38616,50334,-38622,50334,50030,50334,-32118,50334,-32114,50334,-32120,50334,50984,50334,-32626,50334,-32622,50334,-32628,50334,50542,50334,-38224,50334,-38220,50334,-38226,50334,50978,50334,-37770,50334,-37766,50334,-37772,50334,48764,50334,-34742,50334,-34738,50334,-34744,50334,48538,50334,-33704,50334,-33700,50334,-33706,50334,49052,50334,-34650,50334,-34646,50334,-34652,50334,49058,50334,-35812,50334,-35808,50334,-35814,50334,48670,50334,-34870,50334,-34866,50334,-34872,50334,48330,50334,-37256,50334,-37252,50334,-37258,50334,50326,50334,-39108,50334,-39104,50334,-39110,50334,50858,50334,-36544,50334,-36540,50334,-36546,50334,49438,50334,-32542,50334,-32538,50334,-32544,50334,51364,50334,-38804,50334,-38800,50334,-38806,50334,51256,50334,-32610,50334,-32606,50334,-32612,50334,49692,50334,-37272,50334,-37268,50334,-37274,50334,51468,50334,-36560,50334,-36556,50334,-36562,50334,48888,50334,-33130,50334,-33126,50334,-33132,50334,50554,50334,-37886,50334,-37882,50334,-37888,50334,51498,50334,-32924,50334,-32920,50334,-32926,50334,51306,50334,-35748,50334,-35744,50334,-35750,50334,51352,50334,-37974,50334,-37970,50334,-37976,50334,48400,50334,-39008,50334,-39004,50334,-39010,50334,49358,50334,-37304,50334,-37300,50334,-37306,50334,50272,50334,-35450,50334,-35446,50334,-35452,50334,50000,50334,-38704,50334,-38700,50334,-38706,50334,49522,50334,-39156,50334,-39152,50334,-39158,50334,48720,50334,-37472,50334,-37468,50334,-37474,50334,49984,50334,-35338,50334,-35334,50334,-35340,50334,50250,50334,-33546,50334,-33554,50334,-33522,50334,-33530,50334,-33538,50334,-33542,50334,-33550,50334,-33558,50334,48544,50334,-35424,50334,-35432,50334,-35400,50334,-35408,50334,-35416,50334,-35420,50334,-35428,50334,-35436,50334,51002,50334,-34716,50334,-34724,50334,-34692,50334,-34700,50334,-34708,50334,-34712,50334,-34720,50334,-34728,50334,49508,50334,-36018,50334,-36026,50334,-35994,50334,-36002,50334,-36010,50334,-36014,50334,-36022,50334,-36030,50334,48912,50334,-36748,50334,-36756,50334,-36724,50334,-36732,50334,-36740,50334,-36744,50334,-36752,50334,-36760,50334,49470,50334,-35514,50334,-35522,50334,-35490,50334,-35498,50334,-35506,50334,-35510,50334,-35518,50334,-35526,50334,50538,50334,49216,50334,51048,50334,49332,50334,48740,50334,50166,50334,49252,50334,50032,50334,50986,50334,50544,50334,50980,50334,48766,50334,48540,50334,49054,50334,49060,50334,48672,50334,48332,50334,50328,50334,50860,50334,49440,50334,51366,50334,51258,50334,49694,50334,51470,50334,48890,50334,50556,50334,51500,50334,51308,50334,51354,50334,48402,50334,49360,50334,50274,50334,50002,50334,49524,50334,48722,50334,49986,50334,-34668,50334,30422,30420,30628,30420,30630,30420,30632,30420,30636,30420,30640,30420,30634,30420,48926,50334,30654,30420,30646,30420,30648,30420,30650,30420,30652,30420,-33634,50334,-33642,50334,-33654,50334,30622,30420,30624,30420,30424,30420,-33638,50334,-33656,50334,-33648,50334,30626,30420,48676,50334,-33786,50334,-33794,50334,-33806,50334,-33790,50334,-33808,50334,-33800,50334,49726,50334,-36386,50334,-36394,50334,-36406,50334,-36390,50334,-36408,50334,-36400,50334,51328,50334,-32268,50334,-32276,50334,-32288,50334,-32272,50334,-32290,50334,-32282,50334,51040,50334,-38734,50334,-38742,50334,-38754,50334,-38738,50334,-38756,50334,-38748,50334,48714,50334,-37154,50334,-37162,50334,-37174,50334,-37158,50334,-37176,50334,-37168,50334,50430,50334,-36334,50334,-36342,50334,-36354,50334,-36338,50334,-36356,50334,-36348,50334,50582,50334,-38368,50334,-38376,50334,-38388,50334,-38372,50334,-38390,50334,-38382,50334,50576,50334,-37102,50334,-37110,50334,-37122,50334,-37106,50334,-37124,50334,-37116,50334,49606,50334,-39202,50334,-39210,50334,-39222,50334,-39206,50334,-39224,50334,-39216,50334,48458,50334,-35300,50334,-35308,50334,-35320,50334,-35304,50334,-35322,50334,-35314,50334,50836,50334,-37900,50334,-37908,50334,-37920,50334,-37904,50334,-37922,50334,-37914,50334,48798,50334,-35264,50334,-35272,50334,-35284,50334,-35268,50334,-35286,50334,-35278,50334,50750,50334,-39022,50334,-39030,50334,-39042,50334,-39026,50334,-39044,50334,-39036,50334,50590,50334,-36986,50334,-36994,50334,-37006,50334,-36990,50334,-37008,50334,-37000,50334,50156,50334,-32556,50334,-32564,50334,-32576,50334,-32560,50334,-32578,50334,-32570,50334,48426,50334,-39286,50334,-39294,50334,-39306,50334,-39290,50334,-39308,50334,-39300,50334,49796,50334,-36804,50334,-36812,50334,-36824,50334,-36808,50334,-36826,50334,-36818,50334,50290,50334,-32708,50334,-32716,50334,-32728,50334,-32712,50334,-32730,50334,-32722,50334,50224,50334,-34156,50334,-34164,50334,-34176,50334,-34160,50334,-34178,50334,-34170,50334,49444,50334,-33438,50334,-33446,50334,-33458,50334,-33442,50334,-33460,50334,-33452,50334,48958,50334,-37602,50334,-37610,50334,-37622,50334,-37606,50334,-37624,50334,-37616,50334,49836,50334,-32870,50334,-32878,50334,-32890,50334,-32874,50334,-32892,50334,-32884,50334,50136,50334,-37518,50334,-37526,50334,-37538,50334,-37522,50334,-37540,50334,-37532,50334,49954,50334,-35710,50334,-35718,50334,-35730,50334,-35714,50334,-35732,50334,-35724,50334,51220,50334,-33822,50334,-33830,50334,-33842,50334,-33826,50334,-33844,50334,-33836,50334,51462,50334,-35554,50334,-35562,50334,-35574,50334,-35558,50334,-35576,50334,-35568,50334,49116,50334,-36166,50334,-36174,50334,-36186,50334,-36170,50334,-36188,50334,-36180,50334,50400,50334,-38466,50334,-38474,50334,-38486,50334,-38470,50334,-38488,50334,-38480,50334,50890,50334,-37936,50334,-37944,50334,-37956,50334,-37940,50334,-37958,50334,-37950,50334,50038,50334,-37832,50334,-37840,50334,-37852,50334,-37836,50334,-37854,50334,-37846,50334,48856,50334,-32834,50334,-32842,50334,-32854,50334,-32838,50334,-32856,50334,-32848,50334,51034,50334,-33386,50334,-33394,50334,-33406,50334,-33390,50334,-33408,50334,-33400,50334,49410,50334,-38004,50334,-38012,50334,-38024,50334,-38008,50334,-38026,50334,-38018,50334,49122,50334,-37402,50334,-37410,50334,-37422,50334,-37406,50334,-37424,50334,-37416,50334,49280,50334,-38316,50334,-38324,50334,-38336,50334,-38320,50334,-38338,50334,-38330,50334,51092,50334,-38886,50334,-38894,50334,-38906,50334,-38890,50334,-38908,50334,-38900,50334,50044,50334,-32132,50334,-32140,50334,-32152,50334,-32136,50334,-32154,50334,-32146,50334,51262,50334,-38170,50334,-38178,50334,-38190,50334,-38174,50334,-38192,50334,-38184,50334,49554,50334,-33192,50334,-33200,50334,-33212,50334,-33196,50334,-33214,50334,-33206,50334,50808,50334,-34980,50334,-34988,50334,-35000,50334,-34984,50334,-35002,50334,-34994,50334,51486,50334,-33932,50334,-33940,50334,-33952,50334,-33936,50334,-33954,50334,-33946,50334,50366,50334,-32656,50334,-32664,50334,-32676,50334,-32660,50334,-32678,50334,-32670,50334,50830,50334,-32504,50334,-32512,50334,-32524,50334,-32508,50334,-32526,50334,-32518,50334,51152,50334,-34582,50334,-34590,50334,-34602,50334,-34586,50334,-34604,50334,-34596,50334,48726,50334,-32304,50334,-32312,50334,-32324,50334,-32308,50334,-32326,50334,-32318,50334,48988,50334,-34288,50334,-34296,50334,-34308,50334,-34292,50334,-34310,50334,-34302,50334,50118,50334,-33734,50334,-33742,50334,-33754,50334,-33738,50334,-33756,50334,-33748,50334,51146,50334,-38534,50334,-38542,50334,-38554,50334,-38538,50334,-38556,50334,-38548,50334,49594,50334,-38634,50334,-38642,50334,-38654,50334,-38638,50334,-38656,50334,-38648,50334,51214,50334,-38086,50334,-38094,50334,-38106,50334,-38090,50334,-38108,50334,-38100,50334,50824,50334,-35626,50334,-35634,50334,-35646,50334,-35630,50334,-35648,50334,-35640,50334,50208,50334,-36438,50334,-36446,50334,-36458,50334,-36442,50334,-36460,50334,-36452,50334,50412,50334,-33490,50334,-33498,50334,-33510,50334,-33494,50334,-33512,50334,-33504,50334,49702,50334,-34356,50334,-34364,50334,-34376,50334,-34360,50334,-34378,50334,-34370,50334,50352,50334,-38954,50334,-38962,50334,-38974,50334,-38958,50334,-38976,50334,-38968,50334,50468,50334,-35198,50334,-35206,50334,-35218,50334,-35202,50334,-35220,50334,-35212,50334,50912,50334,-36474,50334,-36482,50334,-36494,50334,-36478,50334,-36496,50334,-36488,50334,48970,50334,-37732,50334,-37740,50334,-37752,50334,-37736,50334,-37754,50334,-37746,50334,48464,50334,-34488,50334,-34496,50334,-34508,50334,-34492,50334,-34510,50334,-34502,50334,50418,50334,-32184,50334,-32192,50334,-32204,50334,-32188,50334,-32206,50334,-32198,50334,51182,50334,-35590,50334,-35598,50334,-35610,50334,-35594,50334,-35612,50334,-35604,50334,51250,50334,-37350,50334,-37358,50334,-37370,50334,-37354,50334,-37372,50334,-37364,50334,50686,50334,-35352,50334,-35360,50334,-35372,50334,-35356,50334,-35374,50334,-35366,50334,51164,50334,-32420,50334,-32428,50334,-32440,50334,-32424,50334,-32442,50334,-32434,50334,51474,50334,-38818,50334,-38826,50334,-38838,50334,-38822,50334,-38840,50334,-38832,50334,50014,50334,-35826,50334,-35834,50334,-35846,50334,-35830,50334,-35848,50334,-35840,50334,48928,50334,48678,50334,49728,50334,51330,50334,51042,50334,48716,50334,50432,50334,50584,50334,50578,50334,49608,50334,48460,50334,50838,50334,48800,50334,50752,50334,50592,50334,50158,50334,48428,50334,49798,50334,50292,50334,50226,50334,49446,50334,48960,50334,49838,50334,50138,50334,49956,50334,51222,50334,51464,50334,49118,50334,50402,50334,50892,50334,50040,50334,48858,50334,51036,50334,49412,50334,49124,50334,49282,50334,51094,50334,50046,50334,51264,50334,49556,50334,50810,50334,51488,50334,50368,50334,50832,50334,51154,50334,48728,50334,48990,50334,50120,50334,51148,50334,49596,50334,51216,50334,50826,50334,50210,50334,50414,50334,49704,50334,50354,50334,50470,50334,50914,50334,48972,50334,48466,50334,50420,50334,51184,50334,51252,50334,50688,50334,51166,50334,51476,50334,50016,50334,51540,50334,50246,50334,49810,50334,51080,50334,49698,50334,50896,50334,48654,50334,48662,50334,49384,50334,50096,50334,51282,50334,51240,50334,51348,50334,49194,50334,50518,50334,50332,50334,48682,50334,49354,50334,51076,50334,49042,50334,50074,50334,50124,50334,50636,50334,50026,50334,50918,50334,51124,50334,50814,50334,49388,50334,49416,50334,49342,50334,50498,50334,48568,50334,49688,50334,51054,50334,48452,50334,49168,50334,49072,50334,-32810,50334,-32818,50334,-32786,50334,-32794,50334,-32802,50334,-32806,50334,-32814,50334,-32822,50334,-36916,50334,-36924,50334,-36932,50334,48948,50334,48610,50334,49082,50334,48704,50334,49268,50334,49890,50334,49480,50334,49518,50334,48922,50334]]}],"project-settings":[{"id":-1,"assetBundleId":-2,"data":[[["UnityEngine.U2D.CinemachinePixelPerfect",-1],["UnityEngine.EventSystems.EventSystem",-1000],["UnityEngine.UI.ToggleGroup",10],["TMPro.TextMeshPro",-105],["TMPro.TextMeshProUGUI",-100],["TMPro.TextContainer",-110]],[[0,"Default",0]],[[0,"Default"],[1,"TransparentFX"],[2,"Ignore Raycast"],[4,"Water"],[5,"UI"]],[0.0199999921023846,0.333333343267441,1,0.0299999993294477],[0,-9.8100004196167,0,6,2,0,1,[[0,0,0],[0,0,1],[0,0,2],[0,0,4],[0,0,5],[0,1,0],[0,1,1],[0,1,2],[0,1,4],[0,1,5],[0,2,0],[0,2,1],[0,2,2],[0,2,4],[0,2,5],[0,4,0],[0,4,1],[0,4,2],[0,4,4],[0,4,5],[0,5,0],[0,5,1],[0,5,2],[0,5,4],[0,5,5]]],[null,null,0,-9.8100004196167,3,8,1,0.200000002980232,8,100,360,0.200000002980232,0.75,0.5,0.00999999977648258,2,0.00999999977648258,1,1,1,1,1,0,[[0,0,0],[0,0,1],[0,0,2],[0,0,4],[0,0,5],[0,1,0],[0,1,1],[0,1,2],[0,1,4],[0,1,5],[0,2,0],[0,2,1],[0,2,2],[0,2,4],[0,2,5],[0,4,0],[0,4,1],[0,4,2],[0,4,4],[0,4,5],[0,5,0],[0,5,1],[0,5,2],[0,5,4],[0,5,5]]],[[[[],["Very Low","Low","Medium","High","Very High","Ultra"],0,0,0,0.300000011920929,1,15,0,1,0,0,0,0,0,1,2,4,0,0,0.333333343267441,0.0666666701436043,0.200000002980232,0.466666668653488,0,0,16,2,0,3,512,0,1,2,512,1,1024,0],[[],["Very Low","Low","Medium","High","Very High","Ultra"],0,0,0,0.400000005960464,1,20,0,1,0,0,0,0,0,0,2,16,0,0,0.333333343267441,0.0666666701436043,0.200000002980232,0.466666668653488,0,0,16,2,0,3,512,0,1,2,512,1,1024,1],[[],["Very Low","Low","Medium","High","Very High","Ultra"],1,1,0,0.699999988079071,1,20,0,1,0,0,0,0,0,0,2,64,1,0,0.333333343267441,0.0666666701436043,0.200000002980232,0.466666668653488,0,1,16,2,0,3,512,0,1,2,512,1,1024,2],[[],["Very Low","Low","Medium","High","Very High","Ultra"],2,1,0,1,2,40,1,1,1,0,1,0,0,0,2,256,2,1,0.333333343267441,0.0666666701436043,0.200000002980232,0.466666668653488,0,1,16,2,1,3,512,0,1,2,512,1,1024,3],[[],["Very Low","Low","Medium","High","Very High","Ultra"],2,2,2,1.5,2,70,1,1,2,1,1,0,0,0,2,1024,3,1,0.333333343267441,0.0666666701436043,0.200000002980232,0.466666668653488,0,1,16,2,1,3,512,0,1,2,512,1,1024,4],[[],["Very Low","Low","Medium","High","Very High","Ultra"],2,2,2,2,4,150,1,1,2,1,1,0,0,0,2,4096,4,1,0.333333343267441,0.0666666701436043,0.200000002980232,0.466666668653488,0,1,16,2,1,3,512,0,1,2,512,1,1024,5]],["Very Low","Low","Medium","High","Very High","Ultra"],2,2,2,2,4,150,1,1,2,1,1,0,0,0,2,4096,4,1,0.333333343267441,0.0666666701436043,0.200000002980232,0.466666668653488,0,1,16,2,1,3,512,0,1,2,512,1,1024,5],0,0,0,2,0,["Untagged","Respawn","Finish","EditorOnly","MainCamera","Player","GameController"]]}]}