{"materials":[{"id":768,"path":"Resources/unity_builtin_extra\\Default-Line","assetBundleId":-2,"data":["Default-Line",11,168,3000,0,[["_InvFade",1]],[],[["_MainTex_ST",1,1,0,0]],[["_MainTex",null,null]],[]]},{"id":560,"path":"Resources/unity_builtin_extra\\Sprites-Default","assetBundleId":-2,"data":["Sprites-Default",11,26,3000,0,[["PixelSnap",0],["_EnableExternalAlpha",0]],[["_Color",1,1,1,1],["_RendererColor",1,1,1,1]],[["_MainTex_ST",1,1,0,0],["_Flip",1,1,1,1],["_AlphaTex_ST",1,1,0,0]],[["_MainTex",null,null],["_AlphaTex",null,null]],[]]}],"shaders":[{"id":168,"assetBundleId":-2,"data":[[],"Legacy Shaders/Particles/Alpha Blended Premultiply",null,["SOFTPARTICLES_ON","STEREO_CUBEMAP_RENDER_ON","STEREO_INSTANCING_ON","STEREO_MULTIVIEW_ON","UNITY_SINGLE_PASS_STEREO","__"],[[0,0,"",0,"",0,[4,null],[0,null],[0,null],[[1,null],[10,null],[0,null]],[[1,null],[10,null],[0,null]],[14,null],[0,null],[0,null],[0,null],[255,null],[255,null],[[0,null],[0,null],[0,null],[8,null]],[[0,null],[0,null],[0,null],[8,null]],[[0,null],[0,null],[0,null],[8,null]],[["IGNOREPROJECTOR","true"],["PreviewType","Plane"],["QUEUE","Transparent"],["RenderType","Transparent"]],["SOFTPARTICLES_ON","STEREO_CUBEMAP_RENDER_ON","STEREO_INSTANCING_ON","STEREO_MULTIVIEW_ON","UNITY_SINGLE_PASS_STEREO","__"],[],[[0,0,[],0,1,1,0]],[],0]],[],[["_MainTex",4,0,0,0,0,"white",0],["_InvFade",3,1,0.00999999977648258,3,0,"",0]],null,null,0,0,0]},{"id":28,"assetBundleId":-2,"data":[[],"UI/Default",null,["UNITY_UI_ALPHACLIP","UNITY_UI_CLIP_RECT","STEREO_CUBEMAP_RENDER_ON","STEREO_INSTANCING_ON","STEREO_MULTIVIEW_ON","UNITY_SINGLE_PASS_STEREO","_"],[[0,0,"Default",0,"",0,[0,"unity_GUIZTestMode"],[0,null],[0,null],[[1,null],[10,null],[0,null]],[[1,null],[10,null],[0,null]],[0,"_ColorMask"],[0,null],[0,null],[0,"_Stencil"],[0,"_StencilReadMask"],[0,"_StencilWriteMask"],[[0,"_StencilOp"],[0,null],[0,null],[0,"_StencilComp"]],[[0,null],[0,null],[0,null],[8,null]],[[0,null],[0,null],[0,null],[8,null]],[["CanUseSpriteAtlas","true"],["IGNOREPROJECTOR","true"],["PreviewType","Plane"],["QUEUE","Transparent"],["RenderType","Transparent"]],["STEREO_CUBEMAP_RENDER_ON","STEREO_INSTANCING_ON","STEREO_MULTIVIEW_ON","UNITY_SINGLE_PASS_STEREO","UNITY_UI_ALPHACLIP","UNITY_UI_CLIP_RECT","_"],[],[[0,0,[],2,3,1,0],[0,0,["UNITY_UI_ALPHACLIP"],2,4,1,0]],[],0]],[],[["_MainTex",4,0,0,0,0,"white",2],["_Color",0,1,1,1,1,"",0],["_StencilComp",2,8,0,0,0,"",0],["_Stencil",2,0,0,0,0,"",0],["_StencilOp",2,0,0,0,0,"",0],["_StencilWriteMask",2,255,0,0,0,"",0],["_StencilReadMask",2,255,0,0,0,"",0],["_ColorMask",2,15,0,0,0,"",0],["_UseUIAlphaClip",2,0,0,0,0,"",0]],null,null,0,0,0]},{"id":26,"assetBundleId":-2,"data":[[],"Sprites/Default",null,["PIXELSNAP_ON","ETC1_EXTERNAL_ALPHA","INSTANCING_ON","STEREO_CUBEMAP_RENDER_ON","STEREO_INSTANCING_ON","STEREO_MULTIVIEW_ON","UNITY_SINGLE_PASS_STEREO","_","__"],[[0,0,"",0,"",0,[4,null],[0,null],[0,null],[[1,null],[10,null],[0,null]],[[1,null],[10,null],[0,null]],[15,null],[0,null],[0,null],[0,null],[255,null],[255,null],[[0,null],[0,null],[0,null],[8,null]],[[0,null],[0,null],[0,null],[8,null]],[[0,null],[0,null],[0,null],[8,null]],[["CanUseSpriteAtlas","true"],["IGNOREPROJECTOR","true"],["PreviewType","Plane"],["QUEUE","Transparent"],["RenderType","Transparent"]],["ETC1_EXTERNAL_ALPHA","INSTANCING_ON","PIXELSNAP_ON","STEREO_CUBEMAP_RENDER_ON","STEREO_INSTANCING_ON","STEREO_MULTIVIEW_ON","UNITY_SINGLE_PASS_STEREO","_","__"],[],[[0,0,[],8,9,1,0]],[],0]],[],[["_MainTex",4,0,0,0,0,"white",2],["_Color",0,1,1,1,1,"",0],["PixelSnap",2,0,0,0,0,"",0],["_RendererColor",0,1,1,1,1,"",1],["_Flip",1,1,1,1,1,"",1],["_AlphaTex",4,0,0,0,0,"white",2],["_EnableExternalAlpha",2,0,0,0,0,"",2]],null,null,0,0,0]},{"id":48,"assetBundleId":-2,"data":[[],"Hidden/BlitCopy",null,["STEREO_CUBEMAP_RENDER_ON","STEREO_INSTANCING_ON","STEREO_MULTIVIEW_ON","UNITY_SINGLE_PASS_STEREO"],[[0,0,"",0,"",0,[8,null],[0,null],[0,null],[[1,null],[0,null],[0,null]],[[1,null],[0,null],[0,null]],[15,null],[0,null],[0,null],[0,null],[255,null],[255,null],[[0,null],[0,null],[0,null],[8,null]],[[0,null],[0,null],[0,null],[8,null]],[[0,null],[0,null],[0,null],[8,null]],[],["STEREO_CUBEMAP_RENDER_ON","STEREO_INSTANCING_ON","STEREO_MULTIVIEW_ON","UNITY_SINGLE_PASS_STEREO"],[],[],[],0]],[],[["_MainTex",4,0,0,0,0,"",0],["_Color",0,1,1,1,1,"",0]],null,null,0,0,0]}],"resources":[{"id":0,"assetBundleId":-2,"data":[[["fonts & materials/lilitaone-regular sdf",12,26630],["fonts & materials/lilitaone-regular sdf",10,26628],["fonts & materials/lilitaone-regular",12,30912],["fonts & materials/lilitaone-regular",58,30888],["fonts & materials/lilitaone-regular sdf",9,26626],["unity_builtin_extra",11,168],["unity_builtin_extra",10,768],["unity_builtin_extra",11,26],["unity_builtin_extra",10,560],["unity_builtin_extra",11,28],["fonts & materials/liberationsans sdf",9,26604],["sprite assets/emojione",10,34720],["sprite assets/emojione",63,26592],["style sheets/default style sheet",64,26550],["linebreaking leading characters",60,31060],["linebreaking following characters",60,31062],["tmp settings",62,27018]],[30418,30416,30400,30416,30410,30416,30868,30416,30870,30416,30872,30416,30402,30416,30412,30416,30406,30416,59636,61032,30890,30416,30892,30416,30896,30416,30898,30416,30902,30416,-239980,61032,30900,30416,-239988,61032,30894,30416,-239956,61032,-239964,61032,-239972,61032,59304,61032,-237146,61032,-237154,61032,-237122,61032,-237130,61032,-237138,61032,30864,30416,30408,30416,-237142,61032,-237150,61032,-237158,61032,30390,30388,30392,30388,30424,30388,30386,30388,62236,61032,30828,30388,-237082,61032,-237078,61032,30822,30388,30824,30388,30384,30388,-237084,61032,60560,61032,-243298,61032,-243294,61032,-243300,61032,60506,61032,-240256,61032,-240252,61032,-240258,61032,61776,61032,-237686,61032,-237682,61032,-237688,61032,60394,61032,-238484,61032,-238480,61032,-238486,61032,61592,61032,-237928,61032,-237924,61032,-237930,61032,59350,61032,-240654,61032,-240650,61032,-240656,61032,59358,61032,-239454,61032,-239450,61032,-239456,61032,60080,61032,-238256,61032,-238252,61032,-238258,61032,60792,61032,-241632,61032,-241628,61032,-241634,61032,61978,61032,-243152,61032,-243148,61032,-243154,61032,61936,61032,-239880,61032,-239876,61032,-239882,61032,62044,61032,-236718,61032,-236714,61032,-236720,61032,59890,61032,-242390,61032,-242386,61032,-242392,61032,61214,61032,-238352,61032,-238348,61032,-238354,61032,61028,61032,-236008,61032,-236004,61032,-236010,61032,59378,61032,-242118,61032,-242114,61032,-242120,61032,60050,61032,-241418,61032,-241414,61032,-241420,61032,61408,61032,61772,61032,-237896,61032,-237898,61032,59738,61032,-237188,61032,-237184,61032,-237190,61032,60770,61032,-239704,61032,-239700,61032,-239706,61032,60820,61032,-236954,61032,-236950,61032,-236956,61032,61332,61032,-237114,61032,-237110,61032,-237116,61032,61824,61032,60722,61032,-240188,61032,-240190,61032,60382,61032,61614,61032,-237548,61032,-237550,61032,62042,61032,61820,61032,-241810,61032,-241812,61032,60574,61032,61510,61032,-242806,61032,-242808,61032,59710,61032,60084,61032,-238208,61032,-238210,61032,60746,61032,60112,61032,-243312,61032,-243314,61032,60732,61032,60038,61032,-242952,61032,-242954,61032,59538,61032,61194,61032,-239734,61032,-239736,61032,61406,61032,59264,61032,-239234,61032,-239236,61032,61716,61032,60384,61032,-239516,61032,-239518,61032,60024,61032,61750,61032,-240518,61032,-240520,61032,59788,61032,59148,61032,-243234,61032,-243236,61032,60194,61032,59864,61032,-237218,61032,-237220,61032,61762,61032,-241574,61032,-241570,61032,-241576,61032,61338,61032,-238336,61032,-238332,61032,-238338,61032,61490,61032,-238162,61032,-238158,61032,-238164,61032,61084,61032,-238146,61032,-238142,61032,-238148,61032,61932,61032,-238860,61032,-238856,61032,-238862,61032,59254,61032,-237850,61032,-237846,61032,-237852,61032,60570,61032,-238178,61032,-238174,61032,-238180,61032,59294,61032,-242166,61032,-242162,61032,-242168,61032,60564,61032,-243136,61032,-243132,61032,-243138,61032,61670,61032,-241274,61032,-241270,61032,-241276,61032,60488,61032,-241510,61032,-241506,61032,-241512,61032,60452,61032,-239948,61032,-239944,61032,-239950,61032,59514,61032,-238240,61032,-238236,61032,-238242,61032,61712,61032,-237050,61032,-237046,61032,-237052,61032,61012,61032,-238086,61032,-238082,61032,-238088,61032,60298,61032,-236248,61032,-236244,61032,-236250,61032,59022,61032,-242406,61032,-242402,61032,-242408,61032,62104,61032,-237066,61032,-237062,61032,-237068,61032,59346,61032,-236076,61032,-236072,61032,-236078,61032,61582,61032,-237596,61032,-237592,61032,-237598,61032,60470,61032,-238876,61032,-238872,61032,-238878,61032,60102,61032,-243266,61032,-243262,61032,-243268,61032,59476,61032,-242692,61032,-242688,61032,-242694,61032,60900,61032,-240858,61032,-240854,61032,-240860,61032,59484,61032,-236448,61032,-236444,61032,-236450,61032,60894,61032,-236540,61032,-236536,61032,-236542,61032,61816,61032,-240356,61032,-240352,61032,-240358,61032,59202,61032,-236264,61032,-236260,61032,-236266,61032,61874,61032,-239932,61032,-239928,61032,-239934,61032,59698,61032,-241732,61032,-241728,61032,-241734,61032,61044,61032,-242776,61032,-242772,61032,-242778,61032,60348,61032,-237754,61032,-237750,61032,-237756,61032,59456,61032,-243088,61032,-243084,61032,-243090,61032,61246,61032,-237882,61032,-237878,61032,-237884,61032,60664,61032,-241338,61032,-241334,61032,-241340,61032,60226,61032,-240534,61032,-240530,61032,-240536,61032,59942,61032,-236508,61032,-236504,61032,-236510,61032,59570,61032,-241226,61032,-241222,61032,-241228,61032,59078,61032,-239060,61032,-239056,61032,-239062,61032,62122,61032,-241322,61032,-241318,61032,-241324,61032,60640,61032,-241934,61032,-241930,61032,-241936,61032,59052,61032,-241074,61032,-241070,61032,-241076,61032,59406,61032,-238844,61032,-238840,61032,-238846,61032,60500,61032,-237770,61032,-237766,61032,-237772,61032,59260,61032,-238640,61032,-238636,61032,-238642,61032,61202,61032,-242054,61032,-242050,61032,-242056,61032,61694,61032,-241748,61032,-241744,61032,-241750,61032,59542,61032,-242760,61032,-242756,61032,-242762,61032,61172,61032,-241158,61032,-241154,61032,-241160,61032,60232,61032,-236624,61032,-236620,61032,-236626,61032,59936,61032,-240826,61032,-240822,61032,-240828,61032,59002,61032,-241542,61032,-241538,61032,-241544,61032,60876,61032,-239532,61032,-239528,61032,-239534,61032,59870,61032,-241006,61032,-241002,61032,-241008,61032,60928,61032,-242070,61032,-242066,61032,-242072,61032,60262,61032,-237654,61032,-237650,61032,-237656,61032,61350,61032,-237486,61032,-237482,61032,-237488,61032,61006,61032,-240942,61032,-240938,61032,-240944,61032,60476,61032,-238828,61032,-238824,61032,-238830,61032,60554,61032,-238468,61032,-238464,61032,-238470,61032,59604,61032,-241174,61032,-241170,61032,-241176,61032,61178,61032,-240388,61032,-240384,61032,-240390,61032,61868,61032,-236128,61032,-236124,61032,-236130,61032,59490,61032,-238002,61032,-237998,61032,-238004,61032,62142,61032,-237266,61032,-237262,61032,-237268,61032,59792,61032,-242150,61032,-242146,61032,-242152,61032,58982,61032,-238272,61032,-238268,61032,-238274,61032,60882,61032,-238760,61032,-238756,61032,-238762,61032,61018,61032,-236024,61032,-236020,61032,-236026,61032,60592,61032,-237580,61032,-237576,61032,-237582,61032,58976,61032,-242890,61032,-242886,61032,-242892,61032,61892,61032,-238452,61032,-238448,61032,-238454,61032,59058,61032,-238908,61032,-238904,61032,-238910,61032,59520,61032,-236886,61032,-236882,61032,-236888,61032,59208,61032,-237502,61032,-237498,61032,-237504,61032,61104,61032,-240058,61032,-240054,61032,-240060,61032,59650,61032,-240638,61032,-240634,61032,-240640,61032,61454,61032,-240990,61032,-240986,61032,-240992,61032,62178,61032,-238992,61032,-238988,61032,-238994,61032,61220,61032,-240874,61032,-240870,61032,-240876,61032,61412,61032,-236144,61032,-236140,61032,-236146,61032,61764,61032,61340,61032,61492,61032,61086,61032,61934,61032,59256,61032,60572,61032,59296,61032,60566,61032,61672,61032,60490,61032,60454,61032,59516,61032,61714,61032,61014,61032,60300,61032,59024,61032,62106,61032,59348,61032,61584,61032,60472,61032,60104,61032,59478,61032,60902,61032,59486,61032,60896,61032,61818,61032,59204,61032,61876,61032,59700,61032,61046,61032,60350,61032,59458,61032,61248,61032,60666,61032,60228,61032,59944,61032,59572,61032,59080,61032,62124,61032,60642,61032,59054,61032,59408,61032,60502,61032,59262,61032,61204,61032,61696,61032,59544,61032,61174,61032,60234,61032,59938,61032,59004,61032,60878,61032,59872,61032,60930,61032,60264,61032,61352,61032,61008,61032,60478,61032,60556,61032,59606,61032,61180,61032,61870,61032,59492,61032,62144,61032,59794,61032,58984,61032,60884,61032,61020,61032,60594,61032,58978,61032,61894,61032,59060,61032,59522,61032,59210,61032,61106,61032,59652,61032,61456,61032,62180,61032,61222,61032,61414,61032,62098,61032,-240074,61032,-240070,61032,-240076,61032,62154,61032,-242624,61032,-242620,61032,-242626,61032,60670,61032,-241950,61032,-241946,61032,-241952,61032,61942,61032,-240404,61032,-240400,61032,-240406,61032,59844,61032,-240842,61032,-240838,61032,-240844,61032,60000,61032,-237172,61032,-237168,61032,-237174,61032,62020,61032,-239322,61032,-239318,61032,-239324,61032,59526,61032,-237098,61032,-237094,61032,-237100,61032,60782,61032,-241700,61032,-241696,61032,-241702,61032,61768,61032,-242858,61032,-242854,61032,-242860,61032,59744,61032,-241494,61032,-241490,61032,-241496,61032,60658,61032,-241142,61032,-241138,61032,-241144,61032,61756,61032,-238548,61032,-238544,61032,-238550,61032,60330,61032,-240204,61032,-240200,61032,-240206,61032,60916,61032,-243282,61032,-243278,61032,-243284,61032,60804,61032,-238656,61032,-238652,61032,-238658,61032,59386,61032,-243220,61032,-243216,61032,-243222,61032,59270,61032,-236750,61032,-236746,61032,-236752,61032,59144,61032,-241306,61032,-241302,61032,-241308,61032,59502,61032,-238960,61032,-238956,61032,-238962,61032,61208,61032,-238288,61032,-238284,61032,-238290,61032,60006,61032,-236902,61032,-236898,61032,-236904,61032,61652,61032,-238976,61032,-238972,61032,-238978,61032,60318,61032,-242234,61032,-242230,61032,-242236,61032,59468,61032,-240288,61032,-240284,61032,-240290,61032,59838,61032,-241966,61032,-241962,61032,-241968,61032,59168,61032,-242086,61032,-242082,61032,-242088,61032,61364,61032,-243072,61032,-243068,61032,-243074,61032,60994,61032,-241126,61032,-241122,61032,-241128,61032,61562,61032,-237334,61032,-237330,61032,-237336,61032,58970,61032,-239486,61032,-239482,61032,-239488,61032,62210,61032,-237534,61032,-237530,61032,-237536,61032,60360,61032,-238776,61032,-238772,61032,-238778,61032,61344,61032,-239422,61032,-239418,61032,-239424,61032,59138,61032,-242250,61032,-242246,61032,-242252,61032,59508,61032,-242182,61032,-242178,61032,-242184,61032,59196,61032,-238054,61032,-238050,61032,-238056,61032,61516,61032,-240488,61032,-240484,61032,-240490,61032,60162,61032,-243250,61032,-243246,61032,-243252,61032,61898,61032,-243056,61032,-243052,61032,-243058,61032,60482,61032,-237818,61032,-237814,61032,-237820,61032,59034,61032,-241716,61032,-241712,61032,-241718,61032,59548,61032,-237234,61032,-237230,61032,-237236,61032,61664,61032,-238624,61032,-238620,61032,-238626,61032,62080,61032,-237470,61032,-237466,61032,-237472,61032,59906,61032,-237786,61032,-237782,61032,-237788,61032,61460,61032,-236384,61032,-236380,61032,-236386,61032,62092,61032,-239354,61032,-239350,61032,-239356,61032,60934,61032,-236232,61032,-236228,61032,-236234,61032,60848,61032,-237564,61032,-237560,61032,-237566,61032,61300,61032,-237002,61032,-236998,61032,-237004,61032,62190,61032,-237986,61032,-237982,61032,-237988,61032,59008,61032,-238500,61032,-238496,61032,-238502,61032,59692,61032,-241648,61032,-241644,61032,-241650,61032,60464,61032,-242922,61032,-242918,61032,-242924,61032,61390,61032,-237454,61032,-237450,61032,-237456,61032,59430,61032,-239438,61032,-239434,61032,-239440,61032,60238,61032,-238070,61032,-238066,61032,-238072,61032,60342,61032,-243120,61032,-243116,61032,-243122,61032,59630,61032,-238304,61032,-238300,61032,-238306,61032,62056,61032,-239548,61032,-239544,61032,-239550,61032,61442,61032,-241764,61032,-241760,61032,-241766,61032,61070,61032,-241386,61032,-241382,61032,-241388,61032,60354,61032,-242134,61032,-242130,61032,-242136,61032,60776,61032,-243104,61032,-243100,61032,-243106,61032,61000,61032,-236524,61032,-236520,61032,-236526,61032,59300,61032,-242906,61032,-242902,61032,-242908,61032,59276,61032,-240974,61032,-240970,61032,-240976,61032,60324,61032,-240126,61032,-240122,61032,-240128,61032,61294,61032,-242874,61032,-242870,61032,-242876,61032,60310,61032,-240142,61032,-240138,61032,-240144,61032,59450,61032,-241058,61032,-241054,61032,-241060,61032,59662,61032,-240586,61032,-240582,61032,-240588,61032,60676,61032,-242792,61032,-242788,61032,-242794,61032,60458,61032,-241796,61032,-241792,61032,-241798,61032,62074,61032,-236608,61032,-236604,61032,-236610,61032,61688,61032,-237670,61032,-237666,61032,-237672,61032,60156,61032,-236280,61032,-236276,61032,-236282,61032,61184,61032,-238532,61032,-238528,61032,-238534,61032,61802,61032,-240272,61032,-240268,61032,-240274,61032,59092,61032,-238436,61032,-238432,61032,-238438,61032,62100,61032,62156,61032,60672,61032,61944,61032,59846,61032,60002,61032,62022,61032,59528,61032,60784,61032,61770,61032,59746,61032,60660,61032,61758,61032,60332,61032,60918,61032,60806,61032,59388,61032,59272,61032,59146,61032,59504,61032,61210,61032,60008,61032,61654,61032,60320,61032,59470,61032,59840,61032,59170,61032,61366,61032,60996,61032,61564,61032,58972,61032,62212,61032,60362,61032,61346,61032,59140,61032,59510,61032,59198,61032,61518,61032,60164,61032,61900,61032,60484,61032,59036,61032,59550,61032,61666,61032,62082,61032,59908,61032,61462,61032,62094,61032,60936,61032,60850,61032,61302,61032,62192,61032,59010,61032,59694,61032,60466,61032,61392,61032,59432,61032,60240,61032,60344,61032,59632,61032,62058,61032,61444,61032,61072,61032,60356,61032,60778,61032,61002,61032,59302,61032,59278,61032,60326,61032,61296,61032,60312,61032,59452,61032,59664,61032,60678,61032,60460,61032,62076,61032,61690,61032,60158,61032,61186,61032,61804,61032,59094,61032,59316,61032,-242364,61032,-242372,61032,-242340,61032,-242348,61032,-242356,61032,-242360,61032,-242368,61032,-242376,61032,59214,61032,-238598,61032,-238606,61032,-238574,61032,-238582,61032,-238590,61032,-238594,61032,-238602,61032,-238610,61032,58988,61032,-238120,61032,-238128,61032,-238096,61032,-238104,61032,-238112,61032,-238116,61032,-238124,61032,-238132,61032,59956,61032,-242438,61032,-242446,61032,-242414,61032,-242422,61032,-242430,61032,-242434,61032,-242442,61032,-242450,61032,60578,61032,-237960,61032,-237968,61032,-237936,61032,-237944,61032,-237952,61032,-237956,61032,-237964,61032,-237972,61032,59392,61032,-236656,61032,-236664,61032,-236632,61032,-236640,61032,-236648,61032,-236652,61032,-236660,61032,-236668,61032,60940,61032,-236556,61032,-236552,61032,-236558,61032,61904,61032,-238368,61032,-238364,61032,-238370,61032,60756,61032,-240158,61032,-240154,61032,-240160,61032,60788,61032,-237866,61032,-237862,61032,-237868,61032,62136,61032,-238224,61032,-238220,61032,-238226,61032,60366,61032,-236970,61032,-236966,61032,-236972,61032,61356,61032,-243040,61032,-243036,61032,-243042,61032,60810,61032,-237282,61032,-237278,61032,-237284,61032,59040,61032,-237204,61032,-237200,61032,-237206,61032,62086,61032,-238564,61032,-238560,61032,-238566,61032,59972,61032,-241354,61032,-241350,61032,-241356,61032,61544,61032,-240890,61032,-240886,61032,-240892,61032,61658,61032,-240722,61032,-240718,61032,-240724,61032,61190,61032,-240810,61032,-240806,61032,-240812,61032,61886,61032,-239148,61032,-239144,61032,-239150,61032,60034,61032,-239008,61032,-239004,61032,-239010,61032,59046,61032,-239370,61032,-239366,61032,-239372,61032,61568,61032,-236400,61032,-236396,61032,-236402,61032,60118,61032,-242572,61032,-242568,61032,-242574,61032,61856,61032,-241478,61032,-241474,61032,-241480,61032,60888,61032,-243204,61032,-243200,61032,-243206,61032,62224,61032,-240420,61032,-240416,61032,-240422,61032,61268,61032,-241402,61032,-241398,61032,-241404,61032,62068,61032,-237402,61032,-237398,61032,-237404,61032,62148,61032,-241558,61032,-241554,61032,-241560,61032,62110,61032,-237518,61032,-237514,61032,-237520,61032,60798,61032,-242676,61032,-242672,61032,-242678,61032,59104,61032,-239652,61032,-239648,61032,-239654,61032,61970,61032,-239864,61032,-239860,61032,-239866,61032,61122,61032,-237912,61032,-237908,61032,-237914,61032,61436,61032,-237834,61032,-237830,61032,-237836,61032,60750,61032,-238708,61032,-238704,61032,-238710,61032,61828,61032,-241258,61032,-241254,61032,-241260,61032,59784,61032,-238320,61032,-238316,61032,-238322,61032,59174,61032,-240504,61032,-240500,61032,-240506,61032,60870,61032,-240958,61032,-240954,61032,-240960,61032,60942,61032,61906,61032,60758,61032,60790,61032,62138,61032,60368,61032,61358,61032,60812,61032,59042,61032,62088,61032,59974,61032,61546,61032,61660,61032,61192,61032,61888,61032,60036,61032,59048,61032,61570,61032,60120,61032,61858,61032,60890,61032,62226,61032,61270,61032,62070,61032,62150,61032,62112,61032,60800,61032,59106,61032,61972,61032,61124,61032,61438,61032,60752,61032,61830,61032,59786,61032,59176,61032,60872,61032,30602,30600,30956,30600,30958,30600,30960,30600,30962,30600,30964,30600,30966,30600,30968,30600,61604,58954,30976,30600,30612,30600,30978,30600,30618,30600,30972,30600,30606,30600,30974,30600,30608,30600,30622,30600,30592,30600,-239596,58954,-239604,58954,-239612,58954,-239620,58954,-239628,58954,-239636,58954,30594,30600,30596,30600,59912,61032,-240340,61032,-240336,61032,61234,61032,-242102,61032,-242098,61032,-242104,61032,61744,61032,-241780,61032,-241776,61032,-241782,61032,60028,61032,-237250,61032,-237246,61032,-237252,61032,59436,61032,-239338,61032,-239334,61032,-239340,61032,60862,61032,-240174,61032,-240170,61032,-240176,61032,59948,61032,-236782,61032,-236778,61032,-236784,61032,60728,61032,-242938,61032,-242934,61032,-242940,61032,61682,61032,-236766,61032,-236762,61032,-236768,61032,61240,61032,-236432,61032,-236428,61032,-236434,61032,61676,61032,-241242,61032,-241238,61032,-241244,61032,59462,61032,-237738,61032,-237734,61032,-237740,61032,59236,61032,-241526,61032,-241522,61032,-241528,61032,59750,61032,-238420,61032,-238416,61032,-238422,61032,59756,61032,-237034,61032,-237030,61032,-237036,61032,59368,61032,-237018,61032,-237014,61032,-237020,61032,59028,61032,-241290,61032,-241286,61032,-241292,61032,61024,61032,-237350,61032,-237346,61032,-237352,61032,61556,61032,-239502,61032,-239498,61032,-239504,61032,60136,61032,-238194,61032,-238190,61032,-238196,61032,62062,61032,-242708,61032,-242704,61032,-242710,61032,61954,61032,-240706,61032,-240702,61032,-240708,61032,60390,61032,-240472,61032,-240468,61032,-240474,61032,62166,61032,-237802,61032,-237798,61032,-237804,61032,59586,61032,-239720,61032,-239716,61032,-239722,61032,61252,61032,-239470,61032,-239466,61032,-239472,61032,62196,61032,-236416,61032,-236412,61032,-236418,61032,62004,61032,-240042,61032,-240038,61032,-240044,61032,62050,61032,-236296,61032,-236292,61032,-236298,61032,59098,61032,-236798,61032,-236794,61032,-236800,61032,60056,61032,-236734,61032,-236730,61032,-236736,61032,60970,61032,-236986,61032,-236982,61032,-236988,61032,60698,61032,-238516,61032,-238512,61032,-238518,61032,60220,61032,-240372,61032,-240368,61032,-240374,61032,59418,61032,-238892,61032,-238888,61032,-238894,61032,60682,61032,-241370,61032,-241366,61032,-241372,61032,60948,61032,-241452,61032,-241460,61032,-241428,61032,-241436,61032,-241444,61032,-241448,61032,-241456,61032,-241464,61032,59242,61032,-242284,61032,-242292,61032,-242260,61032,-242268,61032,-242276,61032,-242280,61032,-242288,61032,-242296,61032,61700,61032,-236482,61032,-236490,61032,-236458,61032,-236466,61032,-236474,61032,-236478,61032,-236486,61032,-236494,61032,60206,61032,-243344,61032,-243352,61032,-243320,61032,-243328,61032,-243336,61032,-243340,61032,-243348,61032,-243356,61032,59610,61032,-237628,61032,-237636,61032,-237604,61032,-237612,61032,-237620,61032,-237624,61032,-237632,61032,-237640,61032,60168,61032,-241606,61032,-241614,61032,-241582,61032,-241590,61032,-241598,61032,-241602,61032,-241610,61032,-241618,61032,61236,61032,59914,61032,61746,61032,60030,61032,59438,61032,60864,61032,59950,61032,60730,61032,61684,61032,61242,61032,61678,61032,59464,61032,59238,61032,59752,61032,59758,61032,59370,61032,59030,61032,61026,61032,61558,61032,60138,61032,62064,61032,61956,61032,60392,61032,62168,61032,59588,61032,61254,61032,62198,61032,62006,61032,62052,61032,59100,61032,60058,61032,60972,61032,60700,61032,60222,61032,59420,61032,60684,61032,-240342,61032,30432,30430,30836,30430,30838,30430,30840,30430,30844,30430,30848,30430,30842,30430,59624,61032,30862,30430,30854,30430,30856,30430,30858,30430,30860,30430,-239826,61032,-239834,61032,-239846,61032,30830,30430,30832,30430,30434,30430,-239830,61032,-239848,61032,-239840,61032,30834,30430,59374,61032,-239022,61032,-239030,61032,-239042,61032,-239026,61032,-239044,61032,-239036,61032,60424,61032,-240434,61032,-240442,61032,-240454,61032,-240438,61032,-240456,61032,-240448,61032,62026,61032,-241860,61032,-241868,61032,-241880,61032,-241864,61032,-241882,61032,-241874,61032,61738,61032,-242462,61032,-242470,61032,-242482,61032,-242466,61032,-242484,61032,-242476,61032,59412,61032,-239384,61032,-239392,61032,-239404,61032,-239388,61032,-239406,61032,-239398,61032,61128,61032,-239248,61032,-239256,61032,-239268,61032,-239252,61032,-239270,61032,-239262,61032,61280,61032,-239198,61032,-239206,61032,-239218,61032,-239202,61032,-239220,61032,-239212,61032,61274,61032,-240668,61032,-240676,61032,-240688,61032,-240672,61032,-240690,61032,-240682,61032,60304,61032,-239562,61032,-239570,61032,-239582,61032,-239566,61032,-239584,61032,-239576,61032,59156,61032,-240548,61032,-240556,61032,-240568,61032,-240552,61032,-240570,61032,-240562,61032,61534,61032,-243166,61032,-243174,61032,-243186,61032,-243170,61032,-243188,61032,-243180,61032,59496,61032,-239284,61032,-239292,61032,-239304,61032,-239288,61032,-239306,61032,-239298,61032,61448,61032,-236916,61032,-236924,61032,-236936,61032,-236920,61032,-236938,61032,-236930,61032,61288,61032,-236570,61032,-236578,61032,-236590,61032,-236574,61032,-236592,61032,-236584,61032,60854,61032,-241088,61032,-241096,61032,-241108,61032,-241092,61032,-241110,61032,-241102,61032,59124,61032,-241020,61032,-241028,61032,-241040,61032,-241024,61032,-241042,61032,-241034,61032,60494,61032,-242498,61032,-242506,61032,-242518,61032,-242502,61032,-242520,61032,-242512,61032,60988,61032,-236848,61032,-236856,61032,-236868,61032,-236852,61032,-236870,61032,-236862,61032,60922,61032,-240302,61032,-240310,61032,-240322,61032,-240306,61032,-240324,61032,-240316,61032,60142,61032,-242966,61032,-242974,61032,-242986,61032,-242970,61032,-242988,61032,-242980,61032,59656,61032,-237364,61032,-237372,61032,-237384,61032,-237368,61032,-237386,61032,-237378,61032,60534,61032,-236090,61032,-236098,61032,-236110,61032,-236094,61032,-236112,61032,-236104,61032,60834,61032,-239790,61032,-239798,61032,-239810,61032,-239794,61032,-239812,61032,-239804,61032,60652,61032,-241662,61032,-241670,61032,-241682,61032,-241666,61032,-241684,61032,-241676,61032,61918,61032,-237296,61032,-237304,61032,-237316,61032,-237300,61032,-237318,61032,-237310,61032,62160,61032,-242534,61032,-242542,61032,-242554,61032,-242538,61032,-242556,61032,-242548,61032,59814,61032,-242586,61032,-242594,61032,-242606,61032,-242590,61032,-242608,61032,-242600,61032,61098,61032,-238382,61032,-238390,61032,-238402,61032,-238386,61032,-238404,61032,-238396,61032,61588,61032,-240772,61032,-240780,61032,-240792,61032,-240776,61032,-240794,61032,-240786,61032,60736,61032,-240600,61032,-240608,61032,-240620,61032,-240604,61032,-240622,61032,-240614,61032,59554,61032,-241896,61032,-241904,61032,-241916,61032,-241900,61032,-241918,61032,-241910,61032,61732,61032,-242820,61032,-242828,61032,-242840,61032,-242824,61032,-242842,61032,-242834,61032,60108,61032,-236158,61032,-236166,61032,-236178,61032,-236162,61032,-236180,61032,-236172,61032,59820,61032,-237700,61032,-237708,61032,-237720,61032,-237704,61032,-237722,61032,-237714,61032,59978,61032,-238670,61032,-238678,61032,-238690,61032,-238674,61032,-238692,61032,-238684,61032,61790,61032,-238016,61032,-238024,61032,-238036,61032,-238020,61032,-238038,61032,-238030,61032,60742,61032,-240736,61032,-240744,61032,-240756,61032,-240740,61032,-240758,61032,-240750,61032,61960,61032,-242016,61032,-242024,61032,-242036,61032,-242020,61032,-242038,61032,-242030,61032,60252,61032,-239162,61032,-239170,61032,-239182,61032,-239166,61032,-239184,61032,-239176,61032,61506,61032,-239074,61032,-239082,61032,-239094,61032,-239078,61032,-239096,61032,-239088,61032,62184,61032,-240218,61032,-240226,61032,-240238,61032,-240222,61032,-240240,61032,-240232,61032,61064,61032,-236680,61032,-236688,61032,-236700,61032,-236684,61032,-236702,61032,-236694,61032,61528,61032,-240004,61032,-240012,61032,-240024,61032,-240008,61032,-240026,61032,-240018,61032,61850,61032,-236346,61032,-236354,61032,-236366,61032,-236350,61032,-236368,61032,-236360,61032,59424,61032,-242638,61032,-242646,61032,-242658,61032,-242642,61032,-242660,61032,-242652,61032,59686,61032,-237416,61032,-237424,61032,-237436,61032,-237420,61032,-237438,61032,-237430,61032,60816,61032,-238722,61032,-238730,61032,-238742,61032,-238726,61032,-238744,61032,-238736,61032,61844,61032,-236038,61032,-236046,61032,-236058,61032,-236042,61032,-236060,61032,-236052,61032,60292,61032,-239894,61032,-239902,61032,-239914,61032,-239898,61032,-239916,61032,-239908,61032,61912,61032,-239666,61032,-239674,61032,-239686,61032,-239670,61032,-239688,61032,-239680,61032,61522,61032,-243002,61032,-243010,61032,-243022,61032,-243006,61032,-243024,61032,-243016,61032,60906,61032,-242722,61032,-242730,61032,-242742,61032,-242726,61032,-242744,61032,-242736,61032,61110,61032,-241980,61032,-241988,61032,-242000,61032,-241984,61032,-242002,61032,-241994,61032,60400,61032,-236194,61032,-236202,61032,-236214,61032,-236198,61032,-236216,61032,-236208,61032,61050,61032,-236812,61032,-236820,61032,-236832,61032,-236816,61032,-236834,61032,-236826,61032,61166,61032,-239110,61032,-239118,61032,-239130,61032,-239114,61032,-239132,61032,-239124,61032,61610,61032,-240088,61032,-240096,61032,-240108,61032,-240092,61032,-240110,61032,-240102,61032,59668,61032,-240904,61032,-240912,61032,-240924,61032,-240908,61032,-240926,61032,-240918,61032,59162,61032,-235970,61032,-235978,61032,-235990,61032,-235974,61032,-235992,61032,-235984,61032,61116,61032,-241188,61032,-241196,61032,-241208,61032,-241192,61032,-241210,61032,-241202,61032,61880,61032,-242196,61032,-242204,61032,-242216,61032,-242200,61032,-242218,61032,-242210,61032,61948,61032,-242308,61032,-242316,61032,-242328,61032,-242312,61032,-242330,61032,-242322,61032,61384,61032,-238790,61032,-238798,61032,-238810,61032,-238794,61032,-238812,61032,-238804,61032,61862,61032,-241824,61032,-241832,61032,-241844,61032,-241828,61032,-241846,61032,-241838,61032,62172,61032,-236310,61032,-236318,61032,-236330,61032,-236314,61032,-236332,61032,-236324,61032,60712,61032,-238922,61032,-238930,61032,-238942,61032,-238926,61032,-238944,61032,-238936,61032,59626,61032,59376,61032,60426,61032,62028,61032,61740,61032,59414,61032,61130,61032,61282,61032,61276,61032,60306,61032,59158,61032,61536,61032,59498,61032,61450,61032,61290,61032,60856,61032,59126,61032,60496,61032,60990,61032,60924,61032,60144,61032,59658,61032,60536,61032,60836,61032,60654,61032,61920,61032,62162,61032,59816,61032,61100,61032,61590,61032,60738,61032,59556,61032,61734,61032,60110,61032,59822,61032,59980,61032,61792,61032,60744,61032,61962,61032,60254,61032,61508,61032,62186,61032,61066,61032,61530,61032,61852,61032,59426,61032,59688,61032,60818,61032,61846,61032,60294,61032,61914,61032,61524,61032,60908,61032,61112,61032,60402,61032,61052,61032,61168,61032,61612,61032,59670,61032,59164,61032,61118,61032,61882,61032,61950,61032,61386,61032,61864,61032,62174,61032,60714,61032,62238,61032,60944,61032,60508,61032,61778,61032,60396,61032,61594,61032,59352,61032,59360,61032,60082,61032,60794,61032,61980,61032,61938,61032,62046,61032,59892,61032,61216,61032,61030,61032,59380,61032,60052,61032,61774,61032,59740,61032,60772,61032,60822,61032,61334,61032,60724,61032,61616,61032,61822,61032,61512,61032,60086,61032,60114,61032,60040,61032,61196,61032,59266,61032,60386,61032,61752,61032,59150,61032,59866,61032,59770,61032,-239766,61032,-239774,61032,-239742,61032,-239750,61032,-239758,61032,-239762,61032,-239770,61032,-239778,61032,-239976,61032,-239984,61032,-239992,61032,59646,61032,59308,61032,59780,61032,59402,61032,59966,61032,60588,61032,60178,61032,60216,61032,59620,61032]]}],"project-settings":[{"id":-1,"assetBundleId":-2,"data":[[["UnityEngine.U2D.CinemachinePixelPerfect",-1],["UnityEngine.EventSystems.EventSystem",-1000],["UnityEngine.UI.ToggleGroup",10],["TMPro.TextMeshPro",-105],["TMPro.TextMeshProUGUI",-100],["TMPro.TextContainer",-110]],[[0,"Default",0]],[[0,"Default"],[1,"TransparentFX"],[2,"Ignore Raycast"],[4,"Water"],[5,"UI"]],[0.0199999921023846,0.333333343267441,1,0.0299999993294477],[0,-9.8100004196167,0,6,2,0,1,[[0,0,0],[0,0,1],[0,0,2],[0,0,4],[0,0,5],[0,1,0],[0,1,1],[0,1,2],[0,1,4],[0,1,5],[0,2,0],[0,2,1],[0,2,2],[0,2,4],[0,2,5],[0,4,0],[0,4,1],[0,4,2],[0,4,4],[0,4,5],[0,5,0],[0,5,1],[0,5,2],[0,5,4],[0,5,5]]],[null,null,0,-9.8100004196167,3,8,1,0.200000002980232,8,100,360,0.200000002980232,0.75,0.5,0.00999999977648258,2,0.00999999977648258,1,1,1,1,1,0,[[0,0,0],[0,0,1],[0,0,2],[0,0,4],[0,0,5],[0,1,0],[0,1,1],[0,1,2],[0,1,4],[0,1,5],[0,2,0],[0,2,1],[0,2,2],[0,2,4],[0,2,5],[0,4,0],[0,4,1],[0,4,2],[0,4,4],[0,4,5],[0,5,0],[0,5,1],[0,5,2],[0,5,4],[0,5,5]]],[[[[],["Very Low","Low","Medium","High","Very High","Ultra"],0,0,0,0.300000011920929,1,15,0,1,0,0,0,0,0,1,2,4,0,0,0.333333343267441,0.0666666701436043,0.200000002980232,0.466666668653488,0,0,16,2,0,3,512,0,1,2,512,1,1024,0],[[],["Very Low","Low","Medium","High","Very High","Ultra"],0,0,0,0.400000005960464,1,20,0,1,0,0,0,0,0,0,2,16,0,0,0.333333343267441,0.0666666701436043,0.200000002980232,0.466666668653488,0,0,16,2,0,3,512,0,1,2,512,1,1024,1],[[],["Very Low","Low","Medium","High","Very High","Ultra"],1,1,0,0.699999988079071,1,20,0,1,0,0,0,0,0,0,2,64,1,0,0.333333343267441,0.0666666701436043,0.200000002980232,0.466666668653488,0,1,16,2,0,3,512,0,1,2,512,1,1024,2],[[],["Very Low","Low","Medium","High","Very High","Ultra"],2,1,0,1,2,40,1,1,1,0,1,0,0,0,2,256,2,1,0.333333343267441,0.0666666701436043,0.200000002980232,0.466666668653488,0,1,16,2,1,3,512,0,1,2,512,1,1024,3],[[],["Very Low","Low","Medium","High","Very High","Ultra"],2,2,2,1.5,2,70,1,1,2,1,1,0,0,0,2,1024,3,1,0.333333343267441,0.0666666701436043,0.200000002980232,0.466666668653488,0,1,16,2,1,3,512,0,1,2,512,1,1024,4],[[],["Very Low","Low","Medium","High","Very High","Ultra"],2,2,2,2,4,150,1,1,2,1,1,0,0,0,2,4096,4,1,0.333333343267441,0.0666666701436043,0.200000002980232,0.466666668653488,0,1,16,2,1,3,512,0,1,2,512,1,1024,5]],["Very Low","Low","Medium","High","Very High","Ultra"],2,2,2,2,4,150,1,1,2,1,1,0,0,0,2,4096,4,1,0.333333343267441,0.0666666701436043,0.200000002980232,0.466666668653488,0,1,16,2,1,3,512,0,1,2,512,1,1024,5],0,0,0,2,0,["Untagged","Respawn","Finish","EditorOnly","MainCamera","Player","GameController"]]}]}