{"materials":[{"id":768,"path":"Resources/unity_builtin_extra\\Default-Line","assetBundleId":-2,"data":["Default-Line",11,168,3000,0,[["_InvFade",1]],[],[["_MainTex_ST",1,1,0,0]],[["_MainTex",null,null]],[]]},{"id":560,"path":"Resources/unity_builtin_extra\\Sprites-Default","assetBundleId":-2,"data":["Sprites-Default",11,26,3000,0,[["PixelSnap",0],["_EnableExternalAlpha",0]],[["_Color",1,1,1,1],["_RendererColor",1,1,1,1]],[["_MainTex_ST",1,1,0,0],["_Flip",1,1,1,1],["_AlphaTex_ST",1,1,0,0]],[["_MainTex",null,null],["_AlphaTex",null,null]],[]]}],"shaders":[{"id":168,"assetBundleId":-2,"data":[[],"Legacy Shaders/Particles/Alpha Blended Premultiply",null,["SOFTPARTICLES_ON","STEREO_CUBEMAP_RENDER_ON","STEREO_INSTANCING_ON","STEREO_MULTIVIEW_ON","UNITY_SINGLE_PASS_STEREO","__"],[[0,0,"",0,"",0,[4,null],[0,null],[0,null],[[1,null],[10,null],[0,null]],[[1,null],[10,null],[0,null]],[14,null],[0,null],[0,null],[0,null],[255,null],[255,null],[[0,null],[0,null],[0,null],[8,null]],[[0,null],[0,null],[0,null],[8,null]],[[0,null],[0,null],[0,null],[8,null]],[["IGNOREPROJECTOR","true"],["PreviewType","Plane"],["QUEUE","Transparent"],["RenderType","Transparent"]],["SOFTPARTICLES_ON","STEREO_CUBEMAP_RENDER_ON","STEREO_INSTANCING_ON","STEREO_MULTIVIEW_ON","UNITY_SINGLE_PASS_STEREO","__"],[],[[0,0,[],0,1,1,0]],[],0]],[],[["_MainTex",4,0,0,0,0,"white",0],["_InvFade",3,1,0.00999999977648258,3,0,"",0]],null,null,0,0,0]},{"id":26,"assetBundleId":-2,"data":[[],"Sprites/Default",null,["PIXELSNAP_ON","ETC1_EXTERNAL_ALPHA","INSTANCING_ON","STEREO_CUBEMAP_RENDER_ON","STEREO_INSTANCING_ON","STEREO_MULTIVIEW_ON","UNITY_SINGLE_PASS_STEREO","_","__"],[[0,0,"",0,"",0,[4,null],[0,null],[0,null],[[1,null],[10,null],[0,null]],[[1,null],[10,null],[0,null]],[15,null],[0,null],[0,null],[0,null],[255,null],[255,null],[[0,null],[0,null],[0,null],[8,null]],[[0,null],[0,null],[0,null],[8,null]],[[0,null],[0,null],[0,null],[8,null]],[["CanUseSpriteAtlas","true"],["IGNOREPROJECTOR","true"],["PreviewType","Plane"],["QUEUE","Transparent"],["RenderType","Transparent"]],["ETC1_EXTERNAL_ALPHA","INSTANCING_ON","PIXELSNAP_ON","STEREO_CUBEMAP_RENDER_ON","STEREO_INSTANCING_ON","STEREO_MULTIVIEW_ON","UNITY_SINGLE_PASS_STEREO","_","__"],[],[[0,0,[],2,3,1,0]],[],0]],[],[["_MainTex",4,0,0,0,0,"white",2],["_Color",0,1,1,1,1,"",0],["PixelSnap",2,0,0,0,0,"",0],["_RendererColor",0,1,1,1,1,"",1],["_Flip",1,1,1,1,1,"",1],["_AlphaTex",4,0,0,0,0,"white",2],["_EnableExternalAlpha",2,0,0,0,0,"",2]],null,null,0,0,0]},{"id":28,"assetBundleId":-2,"data":[[],"UI/Default",null,["UNITY_UI_ALPHACLIP","UNITY_UI_CLIP_RECT","STEREO_CUBEMAP_RENDER_ON","STEREO_INSTANCING_ON","STEREO_MULTIVIEW_ON","UNITY_SINGLE_PASS_STEREO","_"],[[0,0,"Default",0,"",0,[0,"unity_GUIZTestMode"],[0,null],[0,null],[[1,null],[10,null],[0,null]],[[1,null],[10,null],[0,null]],[0,"_ColorMask"],[0,null],[0,null],[0,"_Stencil"],[0,"_StencilReadMask"],[0,"_StencilWriteMask"],[[0,"_StencilOp"],[0,null],[0,null],[0,"_StencilComp"]],[[0,null],[0,null],[0,null],[8,null]],[[0,null],[0,null],[0,null],[8,null]],[["CanUseSpriteAtlas","true"],["IGNOREPROJECTOR","true"],["PreviewType","Plane"],["QUEUE","Transparent"],["RenderType","Transparent"]],["STEREO_CUBEMAP_RENDER_ON","STEREO_INSTANCING_ON","STEREO_MULTIVIEW_ON","UNITY_SINGLE_PASS_STEREO","UNITY_UI_ALPHACLIP","UNITY_UI_CLIP_RECT","_"],[],[[0,0,[],6,7,1,0],[0,0,["UNITY_UI_ALPHACLIP"],6,8,1,0]],[],0]],[],[["_MainTex",4,0,0,0,0,"white",2],["_Color",0,1,1,1,1,"",0],["_StencilComp",2,8,0,0,0,"",0],["_Stencil",2,0,0,0,0,"",0],["_StencilOp",2,0,0,0,0,"",0],["_StencilWriteMask",2,255,0,0,0,"",0],["_StencilReadMask",2,255,0,0,0,"",0],["_ColorMask",2,15,0,0,0,"",0],["_UseUIAlphaClip",2,0,0,0,0,"",0]],null,null,0,0,0]},{"id":48,"assetBundleId":-2,"data":[[],"Hidden/BlitCopy",null,["STEREO_CUBEMAP_RENDER_ON","STEREO_INSTANCING_ON","STEREO_MULTIVIEW_ON","UNITY_SINGLE_PASS_STEREO"],[[0,0,"",0,"",0,[8,null],[0,null],[0,null],[[1,null],[0,null],[0,null]],[[1,null],[0,null],[0,null]],[15,null],[0,null],[0,null],[0,null],[255,null],[255,null],[[0,null],[0,null],[0,null],[8,null]],[[0,null],[0,null],[0,null],[8,null]],[[0,null],[0,null],[0,null],[8,null]],[],["STEREO_CUBEMAP_RENDER_ON","STEREO_INSTANCING_ON","STEREO_MULTIVIEW_ON","UNITY_SINGLE_PASS_STEREO"],[],[],[],0]],[],[["_MainTex",4,0,0,0,0,"",0],["_Color",0,1,1,1,1,"",0]],null,null,0,0,0]}],"resources":[{"id":0,"assetBundleId":-2,"data":[[["fonts & materials/lilitaone-regular sdf",12,26628],["fonts & materials/lilitaone-regular sdf",10,26626],["fonts & materials/lilitaone-regular",12,30688],["fonts & materials/lilitaone-regular",58,30664],["fonts & materials/lilitaone-regular sdf",9,26624],["unity_builtin_extra",11,168],["unity_builtin_extra",10,768],["unity_builtin_extra",11,26],["unity_builtin_extra",10,560],["unity_builtin_extra",11,28],["fonts & materials/liberationsans sdf",9,26602],["sprite assets/emojione",10,31156],["sprite assets/emojione",63,26590],["style sheets/default style sheet",64,26548],["linebreaking leading characters",60,30952],["linebreaking following characters",60,30954],["tmp settings",62,27016]],[30406,30404,30388,30404,30398,30404,30644,30404,30646,30404,30648,30404,30390,30404,30400,30404,30394,30404,227726,229122,30666,30404,30668,30404,30672,30404,30674,30404,30678,30404,-1025870,229122,30676,30404,-1025878,229122,30670,30404,-1025846,229122,-1025854,229122,-1025862,229122,227394,229122,-1028464,229122,-1028472,229122,-1028440,229122,-1028448,229122,-1028456,229122,30640,30404,30396,30404,-1028460,229122,-1028468,229122,-1028476,229122,30378,30376,30380,30376,30412,30376,30374,30376,230326,229122,30614,30376,-1023018,229122,-1023014,229122,30608,30376,30610,30376,30372,30376,-1023020,229122,228650,229122,-1026966,229122,-1026962,229122,-1026968,229122,228596,229122,-1029220,229122,-1029216,229122,-1029222,229122,229866,229122,-1023694,229122,-1023690,229122,-1023696,229122,228484,229122,-1026580,229122,-1026576,229122,-1026582,229122,229682,229122,-1026112,229122,-1026108,229122,-1026114,229122,227440,229122,-1022906,229122,-1022902,229122,-1022908,229122,227448,229122,-1026732,229122,-1026728,229122,-1026734,229122,228170,229122,-1029088,229122,-1029084,229122,-1029090,229122,228882,229122,-1028416,229122,-1028412,229122,-1028418,229122,230068,229122,-1029510,229122,-1029506,229122,-1029512,229122,230026,229122,-1026144,229122,-1026140,229122,-1026146,229122,230134,229122,-1022922,229122,-1022918,229122,-1022924,229122,227980,229122,-1023422,229122,-1023418,229122,-1023424,229122,229304,229122,-1027316,229122,-1027312,229122,-1027318,229122,229118,229122,-1028236,229122,-1028232,229122,-1028238,229122,227468,229122,-1022854,229122,-1022850,229122,-1022856,229122,228140,229122,-1027820,229122,-1027816,229122,-1027822,229122,229498,229122,229862,229122,-1027880,229122,-1027882,229122,227828,229122,-1029494,229122,-1029490,229122,-1029496,229122,228860,229122,-1026748,229122,-1026744,229122,-1026750,229122,228910,229122,-1024964,229122,-1024960,229122,-1024966,229122,229422,229122,-1025912,229122,-1025908,229122,-1025914,229122,229914,229122,228812,229122,-1027866,229122,-1027868,229122,228472,229122,229704,229122,-1025704,229122,-1025706,229122,230132,229122,229910,229122,-1024560,229122,-1024562,229122,228664,229122,229600,229122,-1022606,229122,-1022608,229122,227800,229122,228174,229122,-1028608,229122,-1028610,229122,228836,229122,228202,229122,-1023354,229122,-1023356,229122,228822,229122,228128,229122,-1025474,229122,-1025476,229122,227628,229122,229284,229122,-1027756,229122,-1027758,229122,229496,229122,227354,229122,-1024430,229122,-1024432,229122,229806,229122,228474,229122,-1029286,229122,-1029288,229122,228114,229122,229840,229122,-1023436,229122,-1023438,229122,227878,229122,227238,229122,-1025718,229122,-1025720,229122,228284,229122,227954,229122,-1023630,229122,-1023632,229122,229852,229122,-1027852,229122,-1027848,229122,-1027854,229122,229428,229122,-1022706,229122,-1022702,229122,-1022708,229122,229580,229122,-1028324,229122,-1028320,229122,-1028326,229122,229174,229122,-1024166,229122,-1024162,229122,-1024168,229122,230022,229122,-1025260,229122,-1025256,229122,-1025262,229122,227344,229122,-1028432,229122,-1028428,229122,-1028434,229122,228660,229122,-1026336,229122,-1026332,229122,-1026338,229122,227384,229122,-1026368,229122,-1026364,229122,-1026370,229122,228654,229122,-1026252,229122,-1026248,229122,-1026254,229122,229760,229122,-1023224,229122,-1023220,229122,-1023226,229122,228578,229122,-1028100,229122,-1028096,229122,-1028102,229122,228542,229122,-1024292,229122,-1024288,229122,-1024294,229122,227604,229122,-1026012,229122,-1026008,229122,-1026014,229122,229802,229122,-1027170,229122,-1027166,229122,-1027172,229122,229102,229122,-1024608,229122,-1024604,229122,-1024610,229122,228388,229122,-1029526,229122,-1029522,229122,-1029528,229122,227112,229122,-1023662,229122,-1023658,229122,-1023664,229122,230194,229122,-1023850,229122,-1023846,229122,-1023852,229122,227436,229122,-1026452,229122,-1026448,229122,-1026454,229122,229672,229122,-1028672,229122,-1028668,229122,-1028674,229122,228560,229122,-1022954,229122,-1022950,229122,-1022956,229122,228192,229122,-1026060,229122,-1026056,229122,-1026062,229122,227566,229122,-1029626,229122,-1029622,229122,-1029628,229122,228990,229122,-1023962,229122,-1023958,229122,-1023964,229122,227574,229122,-1023898,229122,-1023894,229122,-1023900,229122,228984,229122,-1022540,229122,-1022536,229122,-1022542,229122,229906,229122,-1027984,229122,-1027980,229122,-1027986,229122,227292,229122,-1025542,229122,-1025538,229122,-1025544,229122,229964,229122,-1022938,229122,-1022934,229122,-1022940,229122,227788,229122,-1026716,229122,-1026712,229122,-1026718,229122,229134,229122,-1023882,229122,-1023878,229122,-1023884,229122,228438,229122,-1028204,229122,-1028200,229122,-1028206,229122,227546,229122,-1023098,229122,-1023094,229122,-1023100,229122,229336,229122,-1023866,229122,-1023862,229122,-1023868,229122,228754,229122,-1024446,229122,-1024442,229122,-1024448,229122,228316,229122,-1025490,229122,-1025486,229122,-1025492,229122,228032,229122,-1027742,229122,-1027738,229122,-1027744,229122,227660,229122,-1025838,229122,-1025834,229122,-1025840,229122,227168,229122,-1026044,229122,-1026040,229122,-1026046,229122,230212,229122,-1027448,229122,-1027444,229122,-1027450,229122,228730,229122,-1026468,229122,-1026464,229122,-1026470,229122,227142,229122,-1025674,229122,-1025670,229122,-1025676,229122,227496,229122,-1023548,229122,-1023544,229122,-1023550,229122,228590,229122,-1027464,229122,-1027460,229122,-1027466,229122,227350,229122,-1022524,229122,-1022520,229122,-1022526,229122,229292,229122,-1023066,229122,-1023062,229122,-1023068,229122,229784,229122,-1028068,229122,-1028064,229122,-1028070,229122,227632,229122,-1023308,229122,-1023304,229122,-1023310,229122,229262,229122,-1028904,229122,-1028900,229122,-1028906,229122,228322,229122,-1026982,229122,-1026978,229122,-1026984,229122,228026,229122,-1028840,229122,-1028836,229122,-1028842,229122,227092,229122,-1026284,229122,-1026280,229122,-1026286,229122,228966,229122,-1023172,229122,-1023168,229122,-1023174,229122,227960,229122,-1028872,229122,-1028868,229122,-1028874,229122,229018,229122,-1022638,229122,-1022634,229122,-1022640,229122,228352,229122,-1026500,229122,-1026496,229122,-1026502,229122,229440,229122,-1025412,229122,-1025408,229122,-1025414,229122,229096,229122,-1026998,229122,-1026994,229122,-1027000,229122,228566,229122,-1029726,229122,-1029722,229122,-1029728,229122,228644,229122,-1025328,229122,-1025324,229122,-1025330,229122,227694,229122,-1022492,229122,-1022488,229122,-1022494,229122,229268,229122,-1029694,229122,-1029690,229122,-1029696,229122,229958,229122,-1028084,229122,-1028080,229122,-1028086,229122,227580,229122,-1025658,229122,-1025654,229122,-1025660,229122,230232,229122,-1029338,229122,-1029334,229122,-1029340,229122,227882,229122,-1028776,229122,-1028772,229122,-1028778,229122,227072,229122,-1022722,229122,-1022718,229122,-1022724,229122,228972,229122,-1025896,229122,-1025892,229122,-1025898,229122,229108,229122,-1025208,229122,-1025204,229122,-1025210,229122,228682,229122,-1025444,229122,-1025440,229122,-1025446,229122,227066,229122,-1024218,229122,-1024214,229122,-1024220,229122,229982,229122,-1028016,229122,-1028012,229122,-1028018,229122,227148,229122,-1029120,229122,-1029116,229122,-1029122,229122,227610,229122,-1028888,229122,-1028884,229122,-1028890,229122,227298,229122,-1028594,229122,-1028590,229122,-1028596,229122,229194,229122,-1024656,229122,-1024652,229122,-1024658,229122,227740,229122,-1024792,229122,-1024788,229122,-1024794,229122,229544,229122,-1023746,229122,-1023742,229122,-1023748,229122,230268,229122,-1025460,229122,-1025456,229122,-1025462,229122,229310,229122,-1022770,229122,-1022766,229122,-1022772,229122,229502,229122,-1027416,229122,-1027412,229122,-1027418,229122,229854,229122,229430,229122,229582,229122,229176,229122,230024,229122,227346,229122,228662,229122,227386,229122,228656,229122,229762,229122,228580,229122,228544,229122,227606,229122,229804,229122,229104,229122,228390,229122,227114,229122,230196,229122,227438,229122,229674,229122,228562,229122,228194,229122,227568,229122,228992,229122,227576,229122,228986,229122,229908,229122,227294,229122,229966,229122,227790,229122,229136,229122,228440,229122,227548,229122,229338,229122,228756,229122,228318,229122,228034,229122,227662,229122,227170,229122,230214,229122,228732,229122,227144,229122,227498,229122,228592,229122,227352,229122,229294,229122,229786,229122,227634,229122,229264,229122,228324,229122,228028,229122,227094,229122,228968,229122,227962,229122,229020,229122,228354,229122,229442,229122,229098,229122,228568,229122,228646,229122,227696,229122,229270,229122,229960,229122,227582,229122,230234,229122,227884,229122,227074,229122,228974,229122,229110,229122,228684,229122,227068,229122,229984,229122,227150,229122,227612,229122,227300,229122,229196,229122,227742,229122,229546,229122,230270,229122,229312,229122,229504,229122,230188,229122,-1023240,229122,-1023236,229122,-1023242,229122,230244,229122,-1027772,229122,-1027768,229122,-1027774,229122,228760,229122,-1026700,229122,-1026696,229122,-1026702,229122,230032,229122,-1023930,229122,-1023926,229122,-1023932,229122,227934,229122,-1024896,229122,-1024892,229122,-1024898,229122,228090,229122,-1023532,229122,-1023528,229122,-1023534,229122,230110,229122,-1026128,229122,-1026124,229122,-1026130,229122,227616,229122,-1025928,229122,-1025924,229122,-1025930,229122,228872,229122,-1027496,229122,-1027492,229122,-1027498,229122,229858,229122,-1023500,229122,-1023496,229122,-1023502,229122,227834,229122,-1023370,229122,-1023366,229122,-1023372,229122,228748,229122,-1027300,229122,-1027296,229122,-1027302,229122,229846,229122,-1025642,229122,-1025638,229122,-1025644,229122,228420,229122,-1023946,229122,-1023942,229122,-1023948,229122,229006,229122,-1024150,229122,-1024146,229122,-1024152,229122,228894,229122,-1023978,229122,-1023974,229122,-1023980,229122,227476,229122,-1026384,229122,-1026380,229122,-1026386,229122,227360,229122,-1028808,229122,-1028804,229122,-1028810,229122,227234,229122,-1024724,229122,-1024720,229122,-1024726,229122,227592,229122,-1024498,229122,-1024494,229122,-1024500,229122,229298,229122,-1022970,229122,-1022966,229122,-1022972,229122,228096,229122,-1025626,229122,-1025622,229122,-1025628,229122,229742,229122,-1027512,229122,-1027508,229122,-1027514,229122,228408,229122,-1023484,229122,-1023480,229122,-1023486,229122,227558,229122,-1028384,229122,-1028380,229122,-1028386,229122,227928,229122,-1022754,229122,-1022750,229122,-1022756,229122,227258,229122,-1029578,229122,-1029574,229122,-1029580,229122,229454,229122,-1023114,229122,-1023110,229122,-1023116,229122,229084,229122,-1029072,229122,-1029068,229122,-1029074,229122,229652,229122,-1026764,229122,-1026760,229122,-1026766,229122,227060,229122,-1027432,229122,-1027428,229122,-1027434,229122,230300,229122,-1027154,229122,-1027150,229122,-1027156,229122,228450,229122,-1028526,229122,-1028522,229122,-1028528,229122,229434,229122,-1027384,229122,-1027380,229122,-1027386,229122,227228,229122,-1024592,229122,-1024588,229122,-1024594,229122,227598,229122,-1022738,229122,-1022734,229122,-1022740,229122,227286,229122,-1028956,229122,-1028952,229122,-1028958,229122,229606,229122,-1022654,229122,-1022650,229122,-1022656,229122,228252,229122,-1027788,229122,-1027784,229122,-1027790,229122,229988,229122,-1026160,229122,-1026156,229122,-1026162,229122,228572,229122,-1025428,229122,-1025424,229122,-1025430,229122,227124,229122,-1026532,229122,-1026528,229122,-1026534,229122,227638,229122,-1023468,229122,-1023464,229122,-1023470,229122,229754,229122,-1026268,229122,-1026264,229122,-1026270,229122,230170,229122,-1026028,229122,-1026024,229122,-1026030,229122,227996,229122,-1027014,229122,-1027010,229122,-1027016,229122,229550,229122,-1026632,229122,-1026628,229122,-1026634,229122,230182,229122,-1029136,229122,-1029132,229122,-1029138,229122,229024,229122,-1029758,229122,-1029754,229122,-1029760,229122,228938,229122,-1023050,229122,-1023046,229122,-1023052,229122,229390,229122,-1024672,229122,-1024668,229122,-1024674,229122,230280,229122,-1028116,229122,-1028112,229122,-1028118,229122,227098,229122,-1027804,229122,-1027800,229122,-1027806,229122,227782,229122,-1027138,229122,-1027134,229122,-1027140,229122,228554,229122,-1029370,229122,-1029366,229122,-1029372,229122,229480,229122,-1026832,229122,-1026828,229122,-1026834,229122,227520,229122,-1029020,229122,-1029016,229122,-1029022,229122,228328,229122,-1027622,229122,-1027618,229122,-1027624,229122,228432,229122,-1024530,229122,-1024526,229122,-1024532,229122,227720,229122,-1024624,229122,-1024620,229122,-1024626,229122,230146,229122,-1029168,229122,-1029164,229122,-1029170,229122,229532,229122,-1029774,229122,-1029770,229122,-1029776,229122,229160,229122,-1029710,229122,-1029706,229122,-1029712,229122,228444,229122,-1026484,229122,-1026480,229122,-1026486,229122,228866,229122,-1024514,229122,-1024510,229122,-1024516,229122,229090,229122,-1024416,229122,-1024412,229122,-1024418,229122,227390,229122,-1028824,229122,-1028820,229122,-1028826,229122,227366,229122,-1022592,229122,-1022588,229122,-1022594,229122,228414,229122,-1026950,229122,-1026946,229122,-1026952,229122,229384,229122,-1028656,229122,-1028652,229122,-1028658,229122,228400,229122,-1024276,229122,-1024272,229122,-1024278,229122,227540,229122,-1027726,229122,-1027722,229122,-1027728,229122,227752,229122,-1024808,229122,-1024804,229122,-1024810,229122,228766,229122,-1024308,229122,-1024304,229122,-1024310,229122,228548,229122,-1023002,229122,-1022998,229122,-1023004,229122,230164,229122,-1025312,229122,-1025308,229122,-1025314,229122,229778,229122,-1028400,229122,-1028396,229122,-1028402,229122,228246,229122,-1026564,229122,-1026560,229122,-1026566,229122,229274,229122,-1025558,229122,-1025554,229122,-1025560,229122,229892,229122,-1028724,229122,-1028720,229122,-1028726,229122,227182,229122,-1022424,229122,-1022420,229122,-1022426,229122,230190,229122,230246,229122,228762,229122,230034,229122,227936,229122,228092,229122,230112,229122,227618,229122,228874,229122,229860,229122,227836,229122,228750,229122,229848,229122,228422,229122,229008,229122,228896,229122,227478,229122,227362,229122,227236,229122,227594,229122,229300,229122,228098,229122,229744,229122,228410,229122,227560,229122,227930,229122,227260,229122,229456,229122,229086,229122,229654,229122,227062,229122,230302,229122,228452,229122,229436,229122,227230,229122,227600,229122,227288,229122,229608,229122,228254,229122,229990,229122,228574,229122,227126,229122,227640,229122,229756,229122,230172,229122,227998,229122,229552,229122,230184,229122,229026,229122,228940,229122,229392,229122,230282,229122,227100,229122,227784,229122,228556,229122,229482,229122,227522,229122,228330,229122,228434,229122,227722,229122,230148,229122,229534,229122,229162,229122,228446,229122,228868,229122,229092,229122,227392,229122,227368,229122,228416,229122,229386,229122,228402,229122,227542,229122,227754,229122,228768,229122,228550,229122,230166,229122,229780,229122,228248,229122,229276,229122,229894,229122,227184,229122,227406,229122,-1025102,229122,-1025110,229122,-1025078,229122,-1025086,229122,-1025094,229122,-1025098,229122,-1025106,229122,-1025114,229122,227304,229122,-1026210,229122,-1026218,229122,-1026186,229122,-1026194,229122,-1026202,229122,-1026206,229122,-1026214,229122,-1026222,229122,227078,229122,-1026924,229122,-1026932,229122,-1026900,229122,-1026908,229122,-1026916,229122,-1026920,229122,-1026928,229122,-1026936,229122,228046,229122,-1024124,229122,-1024132,229122,-1024100,229122,-1024108,229122,-1024116,229122,-1024120,229122,-1024128,229122,-1024136,229122,228668,229122,-1027238,229122,-1027246,229122,-1027214,229122,-1027222,229122,-1027230,229122,-1027234,229122,-1027242,229122,-1027250,229122,227482,229122,-1024250,229122,-1024258,229122,-1024226,229122,-1024234,229122,-1024242,229122,-1024246,229122,-1024254,229122,-1024262,229122,229030,229122,-1024576,229122,-1024572,229122,-1024578,229122,229994,229122,-1023646,229122,-1023642,229122,-1023648,229122,228846,229122,-1025944,229122,-1025940,229122,-1025946,229122,228878,229122,-1022622,229122,-1022618,229122,-1022624,229122,230226,229122,-1025360,229122,-1025356,229122,-1025362,229122,228456,229122,-1027564,229122,-1027560,229122,-1027566,229122,229446,229122,-1024340,229122,-1024336,229122,-1024342,229122,228900,229122,-1024324,229122,-1024320,229122,-1024326,229122,227130,229122,-1028578,229122,-1028574,229122,-1028580,229122,230176,229122,-1022392,229122,-1022388,229122,-1022394,229122,228062,229122,-1027400,229122,-1027396,229122,-1027402,229122,229634,229122,-1026236,229122,-1026232,229122,-1026238,229122,229748,229122,-1026848,229122,-1026844,229122,-1026850,229122,229280,229122,-1028000,229122,-1027996,229122,-1028002,229122,229976,229122,-1025068,229122,-1025064,229122,-1025070,229122,228124,229122,-1029594,229122,-1029590,229122,-1029596,229122,227136,229122,-1023034,229122,-1023030,229122,-1023036,229122,229658,229122,-1023616,229122,-1023612,229122,-1023618,229122,228208,229122,-1027332,229122,-1027328,229122,-1027334,229122,229946,229122,-1026516,229122,-1026512,229122,-1026518,229122,228978,229122,-1028856,229122,-1028852,229122,-1028858,229122,230314,229122,-1028624,229122,-1028620,229122,-1028626,229122,229358,229122,-1023452,229122,-1023448,229122,-1023454,229122,230158,229122,-1026816,229122,-1026812,229122,-1026818,229122,230238,229122,-1025996,229122,-1025992,229122,-1025998,229122,230200,229122,-1024546,229122,-1024542,229122,-1024548,229122,228888,229122,-1023678,229122,-1023674,229122,-1023680,229122,227194,229122,-1028220,229122,-1028216,229122,-1028222,229122,230060,229122,-1023516,229122,-1023512,229122,-1023518,229122,229212,229122,-1023340,229122,-1023336,229122,-1023342,229122,229526,229122,-1024400,229122,-1024396,229122,-1024402,229122,228840,229122,-1025734,229122,-1025730,229122,-1025736,229122,229918,229122,-1028792,229122,-1028788,229122,-1028794,229122,227874,229122,-1023564,229122,-1023560,229122,-1023566,229122,227264,229122,-1022786,229122,-1022782,229122,-1022788,229122,228960,229122,-1023914,229122,-1023910,229122,-1023916,229122,229032,229122,229996,229122,228848,229122,228880,229122,230228,229122,228458,229122,229448,229122,228902,229122,227132,229122,230178,229122,228064,229122,229636,229122,229750,229122,229282,229122,229978,229122,228126,229122,227138,229122,229660,229122,228210,229122,229948,229122,228980,229122,230316,229122,229360,229122,230160,229122,230240,229122,230202,229122,228890,229122,227196,229122,230062,229122,229214,229122,229528,229122,228842,229122,229920,229122,227876,229122,227266,229122,228962,229122,30490,30488,30616,30488,30618,30488,30620,30488,30622,30488,30624,30488,30626,30488,30628,30488,229694,227044,30636,30488,30500,30488,30638,30488,30506,30488,30632,30488,30494,30488,30634,30488,30496,30488,30510,30488,30480,30488,-1024736,227044,-1024744,227044,-1024752,227044,-1024760,227044,-1024768,227044,-1024776,227044,30482,30488,30484,30488,228002,229122,-1024640,229122,-1024636,229122,229324,229122,-1024912,229122,-1024908,229122,-1024914,229122,229834,229122,-1026684,229122,-1026680,229122,-1026686,229122,228118,229122,-1029152,229122,-1029148,229122,-1029154,229122,227526,229122,-1026400,229122,-1026396,229122,-1026402,229122,228952,229122,-1029642,229122,-1029638,229122,-1029644,229122,228038,229122,-1023292,229122,-1023288,229122,-1023294,229122,228818,229122,-1023082,229122,-1023078,229122,-1023084,229122,229772,229122,-1027836,229122,-1027832,229122,-1027838,229122,229330,229122,-1023762,229122,-1023758,229122,-1023764,229122,229766,229122,-1025610,229122,-1025606,229122,-1025612,229122,227552,229122,-1022802,229122,-1022798,229122,-1022804,229122,227326,229122,-1029004,229122,-1029000,229122,-1029006,229122,227840,229122,-1029236,229122,-1029232,229122,-1029238,229122,227846,229122,-1029354,229122,-1029350,229122,-1029356,229122,227458,229122,-1022508,229122,-1022504,229122,-1022510,229122,227118,229122,-1022408,229122,-1022404,229122,-1022410,229122,229114,229122,-1027480,229122,-1027476,229122,-1027482,229122,229646,229122,-1028640,229122,-1028636,229122,-1028642,229122,228226,229122,-1026548,229122,-1026544,229122,-1026550,229122,230152,229122,-1026176,229122,-1026172,229122,-1026178,229122,230044,229122,-1024980,229122,-1024976,229122,-1024982,229122,228480,229122,-1022440,229122,-1022436,229122,-1022442,229122,230256,229122,-1025344,229122,-1025340,229122,-1025346,229122,227676,229122,-1029742,229122,-1029738,229122,-1029744,229122,229342,229122,-1028988,229122,-1028984,229122,-1028990,229122,230286,229122,-1029104,229122,-1029100,229122,-1029106,229122,230094,229122,-1025822,229122,-1025818,229122,-1025824,229122,230140,229122,-1023324,229122,-1023320,229122,-1023326,229122,227188,229122,-1028972,229122,-1028968,229122,-1028974,229122,228146,229122,-1022986,229122,-1022982,229122,-1022988,229122,229060,229122,-1027710,229122,-1027706,229122,-1027712,229122,228788,229122,-1027896,229122,-1027892,229122,-1027898,229122,228310,229122,-1029610,229122,-1029606,229122,-1029612,229122,227508,229122,-1026352,229122,-1026348,229122,-1026354,229122,228772,229122,-1025690,229122,-1025686,229122,-1025692,229122,229038,229122,-1028358,229122,-1028366,229122,-1028334,229122,-1028342,229122,-1028350,229122,-1028354,229122,-1028362,229122,-1028370,229122,227332,229122,-1024374,229122,-1024382,229122,-1024350,229122,-1024358,229122,-1024366,229122,-1024370,229122,-1024378,229122,-1024386,229122,229790,229122,-1025182,229122,-1025190,229122,-1025158,229122,-1025166,229122,-1025174,229122,-1025178,229122,-1025186,229122,-1025194,229122,228296,229122,-1027596,229122,-1027604,229122,-1027572,229122,-1027580,229122,-1027588,229122,-1027592,229122,-1027600,229122,-1027608,229122,227700,229122,-1026880,229122,-1026888,229122,-1026856,229122,-1026864,229122,-1026872,229122,-1026876,229122,-1026884,229122,-1026892,229122,228258,229122,-1023146,229122,-1023154,229122,-1023122,229122,-1023130,229122,-1023138,229122,-1023142,229122,-1023150,229122,-1023158,229122,229326,229122,228004,229122,229836,229122,228120,229122,227528,229122,228954,229122,228040,229122,228820,229122,229774,229122,229332,229122,229768,229122,227554,229122,227328,229122,227842,229122,227848,229122,227460,229122,227120,229122,229116,229122,229648,229122,228228,229122,230154,229122,230046,229122,228482,229122,230258,229122,227678,229122,229344,229122,230288,229122,230096,229122,230142,229122,227190,229122,228148,229122,229062,229122,228790,229122,228312,229122,227510,229122,228774,229122,-1024642,229122,30420,30418,30712,30418,30714,30418,30716,30418,30720,30418,30724,30418,30718,30418,227714,229122,30738,30418,30730,30418,30732,30418,30734,30418,30736,30418,-1027946,229122,-1027954,229122,-1027966,229122,30706,30418,30708,30418,30422,30418,-1027950,229122,-1027968,229122,-1027960,229122,30710,30418,227464,229122,-1028250,229122,-1028258,229122,-1028270,229122,-1028254,229122,-1028272,229122,-1028264,229122,228514,229122,-1023186,229122,-1023194,229122,-1023206,229122,-1023190,229122,-1023208,229122,-1023200,229122,230116,229122,-1029384,229122,-1029392,229122,-1029404,229122,-1029388,229122,-1029406,229122,-1029398,229122,229828,229122,-1027028,229122,-1027036,229122,-1027048,229122,-1027032,229122,-1027050,229122,-1027042,229122,227502,229122,-1027064,229122,-1027072,229122,-1027084,229122,-1027068,229122,-1027086,229122,-1027078,229122,229218,229122,-1026074,229122,-1026082,229122,-1026094,229122,-1026078,229122,-1026096,229122,-1026088,229122,229370,229122,-1029182,229122,-1029190,229122,-1029202,229122,-1029186,229122,-1029204,229122,-1029196,229122,229364,229122,-1028166,229122,-1028174,229122,-1028186,229122,-1028170,229122,-1028188,229122,-1028180,229122,228394,229122,-1024686,229122,-1024694,229122,-1024706,229122,-1024690,229122,-1024708,229122,-1024700,229122,227246,229122,-1028488,229122,-1028496,229122,-1028508,229122,-1028492,229122,-1028510,229122,-1028502,229122,229624,229122,-1023578,229122,-1023586,229122,-1023598,229122,-1023582,229122,-1023600,229122,-1023592,229122,227586,229122,-1024460,229122,-1024468,229122,-1024480,229122,-1024464,229122,-1024482,229122,-1024474,229122,229538,229122,-1028918,229122,-1028926,229122,-1028938,229122,-1028922,229122,-1028940,229122,-1028932,229122,229378,229122,-1025504,229122,-1025512,229122,-1025524,229122,-1025508,229122,-1025526,229122,-1025518,229122,228944,229122,-1026594,229122,-1026602,229122,-1026614,229122,-1026598,229122,-1026616,229122,-1026608,229122,227214,229122,-1028686,229122,-1028694,229122,-1028706,229122,-1028690,229122,-1028708,229122,-1028700,229122,228584,229122,-1022454,229122,-1022462,229122,-1022474,229122,-1022458,229122,-1022476,229122,-1022468,229122,229078,229122,-1023992,229122,-1024000,229122,-1024012,229122,-1023996,229122,-1024014,229122,-1024006,229122,229012,229122,-1029034,229122,-1029042,229122,-1029054,229122,-1029038,229122,-1029056,229122,-1029048,229122,228232,229122,-1027526,229122,-1027534,229122,-1027546,229122,-1027530,229122,-1027548,229122,-1027540,229122,227746,229122,-1029656,229122,-1029664,229122,-1029676,229122,-1029660,229122,-1029678,229122,-1029670,229122,228624,229122,-1022816,229122,-1022824,229122,-1022836,229122,-1022820,229122,-1022838,229122,-1022830,229122,228924,229122,-1025374,229122,-1025382,229122,-1025394,229122,-1025378,229122,-1025396,229122,-1025388,229122,228742,229122,-1025958,229122,-1025966,229122,-1025978,229122,-1025962,229122,-1025980,229122,-1025972,229122,230008,229122,-1027910,229122,-1027918,229122,-1027930,229122,-1027914,229122,-1027932,229122,-1027924,229122,230250,229122,-1028286,229122,-1028294,229122,-1028306,229122,-1028290,229122,-1028308,229122,-1028300,229122,227904,229122,-1026414,229122,-1026422,229122,-1026434,229122,-1026418,229122,-1026436,229122,-1026428,229122,229188,229122,-1027262,229122,-1027270,229122,-1027282,229122,-1027266,229122,-1027284,229122,-1027276,229122,229678,229122,-1028030,229122,-1028038,229122,-1028050,229122,-1028034,229122,-1028052,229122,-1028044,229122,228826,229122,-1023384,229122,-1023392,229122,-1023404,229122,-1023388,229122,-1023406,229122,-1023398,229122,227644,229122,-1022668,229122,-1022676,229122,-1022688,229122,-1022672,229122,-1022690,229122,-1022682,229122,229822,229122,-1029250,229122,-1029258,229122,-1029270,229122,-1029254,229122,-1029272,229122,-1029264,229122,228198,229122,-1025030,229122,-1025038,229122,-1025050,229122,-1025034,229122,-1025052,229122,-1025044,229122,227910,229122,-1023254,229122,-1023262,229122,-1023274,229122,-1023258,229122,-1023276,229122,-1023268,229122,228068,229122,-1022554,229122,-1022562,229122,-1022574,229122,-1022558,229122,-1022576,229122,-1022568,229122,229880,229122,-1025784,229122,-1025792,229122,-1025804,229122,-1025788,229122,-1025806,229122,-1025798,229122,228832,229122,-1027672,229122,-1027680,229122,-1027692,229122,-1027676,229122,-1027694,229122,-1027686,229122,230050,229122,-1027346,229122,-1027354,229122,-1027366,229122,-1027350,229122,-1027368,229122,-1027360,229122,228342,229122,-1024822,229122,-1024830,229122,-1024842,229122,-1024826,229122,-1024844,229122,-1024836,229122,229596,229122,-1028130,229122,-1028138,229122,-1028150,229122,-1028134,229122,-1028152,229122,-1028144,229122,230274,229122,-1023776,229122,-1023784,229122,-1023796,229122,-1023780,229122,-1023798,229122,-1023790,229122,229154,229122,-1024994,229122,-1025002,229122,-1025014,229122,-1024998,229122,-1025016,229122,-1025008,229122,229618,229122,-1027184,229122,-1027192,229122,-1027204,229122,-1027188,229122,-1027206,229122,-1027198,229122,229940,229122,-1029420,229122,-1029428,229122,-1029440,229122,-1029424,229122,-1029442,229122,-1029434,229122,227514,229122,-1028738,229122,-1028746,229122,-1028758,229122,-1028742,229122,-1028760,229122,-1028752,229122,227776,229122,-1029300,229122,-1029308,229122,-1029320,229122,-1029304,229122,-1029322,229122,-1029314,229122,228906,229122,-1025748,229122,-1025756,229122,-1025768,229122,-1025752,229122,-1025770,229122,-1025762,229122,229934,229122,-1028540,229122,-1028548,229122,-1028560,229122,-1028544,229122,-1028562,229122,-1028554,229122,228382,229122,-1023708,229122,-1023716,229122,-1023728,229122,-1023712,229122,-1023730,229122,-1023722,229122,230002,229122,-1027100,229122,-1027108,229122,-1027120,229122,-1027104,229122,-1027122,229122,-1027114,229122,229612,229122,-1025572,229122,-1025580,229122,-1025592,229122,-1025576,229122,-1025594,229122,-1025586,229122,228996,229122,-1025274,229122,-1025282,229122,-1025294,229122,-1025278,229122,-1025296,229122,-1025288,229122,229200,229122,-1026298,229122,-1026306,229122,-1026318,229122,-1026302,229122,-1026320,229122,-1026312,229122,228490,229122,-1026646,229122,-1026654,229122,-1026666,229122,-1026650,229122,-1026668,229122,-1026660,229122,229140,229122,-1025126,229122,-1025134,229122,-1025146,229122,-1025130,229122,-1025148,229122,-1025140,229122,229256,229122,-1026778,229122,-1026786,229122,-1026798,229122,-1026782,229122,-1026800,229122,-1026792,229122,229700,229122,-1029456,229122,-1029464,229122,-1029476,229122,-1029460,229122,-1029478,229122,-1029470,229122,227758,229122,-1029540,229122,-1029548,229122,-1029560,229122,-1029544,229122,-1029562,229122,-1029554,229122,227252,229122,-1025222,229122,-1025230,229122,-1025242,229122,-1025226,229122,-1025244,229122,-1025236,229122,229206,229122,-1023812,229122,-1023820,229122,-1023832,229122,-1023816,229122,-1023834,229122,-1023826,229122,229970,229122,-1027636,229122,-1027644,229122,-1027656,229122,-1027640,229122,-1027658,229122,-1027650,229122,230038,229122,-1024858,229122,-1024866,229122,-1024878,229122,-1024862,229122,-1024880,229122,-1024872,229122,229474,229122,-1024926,229122,-1024934,229122,-1024946,229122,-1024930,229122,-1024948,229122,-1024940,229122,229952,229122,-1024180,229122,-1024188,229122,-1024200,229122,-1024184,229122,-1024202,229122,-1024194,229122,230262,229122,-1024070,229122,-1024078,229122,-1024090,229122,-1024074,229122,-1024092,229122,-1024084,229122,228802,229122,-1022868,229122,-1022876,229122,-1022888,229122,-1022872,229122,-1022890,229122,-1022882,229122,227716,229122,227466,229122,228516,229122,230118,229122,229830,229122,227504,229122,229220,229122,229372,229122,229366,229122,228396,229122,227248,229122,229626,229122,227588,229122,229540,229122,229380,229122,228946,229122,227216,229122,228586,229122,229080,229122,229014,229122,228234,229122,227748,229122,228626,229122,228926,229122,228744,229122,230010,229122,230252,229122,227906,229122,229190,229122,229680,229122,228828,229122,227646,229122,229824,229122,228200,229122,227912,229122,228070,229122,229882,229122,228834,229122,230052,229122,228344,229122,229598,229122,230276,229122,229156,229122,229620,229122,229942,229122,227516,229122,227778,229122,228908,229122,229936,229122,228384,229122,230004,229122,229614,229122,228998,229122,229202,229122,228492,229122,229142,229122,229258,229122,229702,229122,227760,229122,227254,229122,229208,229122,229972,229122,230040,229122,229476,229122,229954,229122,230264,229122,228804,229122,230328,229122,229034,229122,228598,229122,229868,229122,228486,229122,229684,229122,227442,229122,227450,229122,228172,229122,228884,229122,230070,229122,230028,229122,230136,229122,227982,229122,229306,229122,229120,229122,227470,229122,228142,229122,229864,229122,227830,229122,228862,229122,228912,229122,229424,229122,228814,229122,229706,229122,229912,229122,229602,229122,228176,229122,228204,229122,228130,229122,229286,229122,227356,229122,228476,229122,229842,229122,227240,229122,227956,229122,227860,229122,-1024046,229122,-1024054,229122,-1024022,229122,-1024030,229122,-1024038,229122,-1024042,229122,-1024050,229122,-1024058,229122,-1025866,229122,-1025874,229122,-1025882,229122,227736,229122,227398,229122,227870,229122,227492,229122,228056,229122,228678,229122,228268,229122,228306,229122,227710,229122]]}],"project-settings":[{"id":-1,"assetBundleId":-2,"data":[[["UnityEngine.U2D.CinemachinePixelPerfect",-1],["UnityEngine.EventSystems.EventSystem",-1000],["UnityEngine.UI.ToggleGroup",10],["TMPro.TextMeshPro",-105],["TMPro.TextMeshProUGUI",-100],["TMPro.TextContainer",-110]],[[0,"Default",0]],[[0,"Default"],[1,"TransparentFX"],[2,"Ignore Raycast"],[4,"Water"],[5,"UI"]],[0.0199999921023846,0.333333343267441,1,0.0299999993294477],[0,-9.8100004196167,0,6,2,0,1,[[0,0,0],[0,0,1],[0,0,2],[0,0,4],[0,0,5],[0,1,0],[0,1,1],[0,1,2],[0,1,4],[0,1,5],[0,2,0],[0,2,1],[0,2,2],[0,2,4],[0,2,5],[0,4,0],[0,4,1],[0,4,2],[0,4,4],[0,4,5],[0,5,0],[0,5,1],[0,5,2],[0,5,4],[0,5,5]]],[null,null,0,-9.8100004196167,3,8,1,0.200000002980232,8,100,360,0.200000002980232,0.75,0.5,0.00999999977648258,2,0.00999999977648258,1,1,1,1,1,0,[[0,0,0],[0,0,1],[0,0,2],[0,0,4],[0,0,5],[0,1,0],[0,1,1],[0,1,2],[0,1,4],[0,1,5],[0,2,0],[0,2,1],[0,2,2],[0,2,4],[0,2,5],[0,4,0],[0,4,1],[0,4,2],[0,4,4],[0,4,5],[0,5,0],[0,5,1],[0,5,2],[0,5,4],[0,5,5]]],[[[[],["Very Low","Low","Medium","High","Very High","Ultra"],0,0,0,0.300000011920929,1,15,0,1,0,0,0,0,0,1,2,4,0,0,0.333333343267441,0.0666666701436043,0.200000002980232,0.466666668653488,0,0,16,2,0,3,512,0,1,2,512,1,1024,0],[[],["Very Low","Low","Medium","High","Very High","Ultra"],0,0,0,0.400000005960464,1,20,0,1,0,0,0,0,0,0,2,16,0,0,0.333333343267441,0.0666666701436043,0.200000002980232,0.466666668653488,0,0,16,2,0,3,512,0,1,2,512,1,1024,1],[[],["Very Low","Low","Medium","High","Very High","Ultra"],1,1,0,0.699999988079071,1,20,0,1,0,0,0,0,0,0,2,64,1,0,0.333333343267441,0.0666666701436043,0.200000002980232,0.466666668653488,0,1,16,2,0,3,512,0,1,2,512,1,1024,2],[[],["Very Low","Low","Medium","High","Very High","Ultra"],2,1,0,1,2,40,1,1,1,0,1,0,0,0,2,256,2,1,0.333333343267441,0.0666666701436043,0.200000002980232,0.466666668653488,0,1,16,2,1,3,512,0,1,2,512,1,1024,3],[[],["Very Low","Low","Medium","High","Very High","Ultra"],2,2,2,1.5,2,70,1,1,2,1,1,0,0,0,2,1024,3,1,0.333333343267441,0.0666666701436043,0.200000002980232,0.466666668653488,0,1,16,2,1,3,512,0,1,2,512,1,1024,4],[[],["Very Low","Low","Medium","High","Very High","Ultra"],2,2,2,2,4,150,1,1,2,1,1,0,0,0,2,4096,4,1,0.333333343267441,0.0666666701436043,0.200000002980232,0.466666668653488,0,1,16,2,1,3,512,0,1,2,512,1,1024,5]],["Very Low","Low","Medium","High","Very High","Ultra"],2,2,2,2,4,150,1,1,2,1,1,0,0,0,2,4096,4,1,0.333333343267441,0.0666666701436043,0.200000002980232,0.466666668653488,0,1,16,2,1,3,512,0,1,2,512,1,1024,5],0,0,0,2,0,["Untagged","Respawn","Finish","EditorOnly","MainCamera","Player","GameController"]]}]}