{"materials":[{"id":768,"path":"Resources/unity_builtin_extra\\Default-Line","assetBundleId":-2,"data":["Default-Line",11,168,3000,0,[["_InvFade",1]],[],[["_MainTex_ST",1,1,0,0]],[["_MainTex",null,null]],[]]},{"id":560,"path":"Resources/unity_builtin_extra\\Sprites-Default","assetBundleId":-2,"data":["Sprites-Default",11,26,3000,0,[["PixelSnap",0],["_EnableExternalAlpha",0]],[["_Color",1,1,1,1],["_RendererColor",1,1,1,1]],[["_MainTex_ST",1,1,0,0],["_Flip",1,1,1,1],["_AlphaTex_ST",1,1,0,0]],[["_MainTex",null,null],["_AlphaTex",null,null]],[]]}],"shaders":[{"id":26,"assetBundleId":-2,"data":[[],"Sprites/Default",null,["PIXELSNAP_ON","ETC1_EXTERNAL_ALPHA","INSTANCING_ON","STEREO_CUBEMAP_RENDER_ON","STEREO_INSTANCING_ON","STEREO_MULTIVIEW_ON","UNITY_SINGLE_PASS_STEREO","_","__"],[[0,0,"",0,"",0,[4,null],[0,null],[0,null],[[1,null],[10,null],[0,null]],[[1,null],[10,null],[0,null]],[15,null],[0,null],[0,null],[0,null],[255,null],[255,null],[[0,null],[0,null],[0,null],[8,null]],[[0,null],[0,null],[0,null],[8,null]],[[0,null],[0,null],[0,null],[8,null]],[["CanUseSpriteAtlas","true"],["IGNOREPROJECTOR","true"],["PreviewType","Plane"],["QUEUE","Transparent"],["RenderType","Transparent"]],["ETC1_EXTERNAL_ALPHA","INSTANCING_ON","PIXELSNAP_ON","STEREO_CUBEMAP_RENDER_ON","STEREO_INSTANCING_ON","STEREO_MULTIVIEW_ON","UNITY_SINGLE_PASS_STEREO","_","__"],[],[[0,0,[],0,1,1,0]],[],0]],[],[["_MainTex",4,0,0,0,0,"white",2],["_Color",0,1,1,1,1,"",0],["PixelSnap",2,0,0,0,0,"",0],["_RendererColor",0,1,1,1,1,"",1],["_Flip",1,1,1,1,1,"",1],["_AlphaTex",4,0,0,0,0,"white",2],["_EnableExternalAlpha",2,0,0,0,0,"",2]],null,null,0,0,0]},{"id":28,"assetBundleId":-2,"data":[[],"UI/Default",null,["UNITY_UI_ALPHACLIP","UNITY_UI_CLIP_RECT","STEREO_CUBEMAP_RENDER_ON","STEREO_INSTANCING_ON","STEREO_MULTIVIEW_ON","UNITY_SINGLE_PASS_STEREO","_"],[[0,0,"Default",0,"",0,[0,"unity_GUIZTestMode"],[0,null],[0,null],[[1,null],[10,null],[0,null]],[[1,null],[10,null],[0,null]],[0,"_ColorMask"],[0,null],[0,null],[0,"_Stencil"],[0,"_StencilReadMask"],[0,"_StencilWriteMask"],[[0,"_StencilOp"],[0,null],[0,null],[0,"_StencilComp"]],[[0,null],[0,null],[0,null],[8,null]],[[0,null],[0,null],[0,null],[8,null]],[["CanUseSpriteAtlas","true"],["IGNOREPROJECTOR","true"],["PreviewType","Plane"],["QUEUE","Transparent"],["RenderType","Transparent"]],["STEREO_CUBEMAP_RENDER_ON","STEREO_INSTANCING_ON","STEREO_MULTIVIEW_ON","UNITY_SINGLE_PASS_STEREO","UNITY_UI_ALPHACLIP","UNITY_UI_CLIP_RECT","_"],[],[[0,0,[],4,5,1,0],[0,0,["UNITY_UI_ALPHACLIP"],4,6,1,0]],[],0]],[],[["_MainTex",4,0,0,0,0,"white",2],["_Color",0,1,1,1,1,"",0],["_StencilComp",2,8,0,0,0,"",0],["_Stencil",2,0,0,0,0,"",0],["_StencilOp",2,0,0,0,0,"",0],["_StencilWriteMask",2,255,0,0,0,"",0],["_StencilReadMask",2,255,0,0,0,"",0],["_ColorMask",2,15,0,0,0,"",0],["_UseUIAlphaClip",2,0,0,0,0,"",0]],null,null,0,0,0]},{"id":168,"assetBundleId":-2,"data":[[],"Legacy Shaders/Particles/Alpha Blended Premultiply",null,["SOFTPARTICLES_ON","STEREO_CUBEMAP_RENDER_ON","STEREO_INSTANCING_ON","STEREO_MULTIVIEW_ON","UNITY_SINGLE_PASS_STEREO","__"],[[0,0,"",0,"",0,[4,null],[0,null],[0,null],[[1,null],[10,null],[0,null]],[[1,null],[10,null],[0,null]],[14,null],[0,null],[0,null],[0,null],[255,null],[255,null],[[0,null],[0,null],[0,null],[8,null]],[[0,null],[0,null],[0,null],[8,null]],[[0,null],[0,null],[0,null],[8,null]],[["IGNOREPROJECTOR","true"],["PreviewType","Plane"],["QUEUE","Transparent"],["RenderType","Transparent"]],["SOFTPARTICLES_ON","STEREO_CUBEMAP_RENDER_ON","STEREO_INSTANCING_ON","STEREO_MULTIVIEW_ON","UNITY_SINGLE_PASS_STEREO","__"],[],[[0,0,[],7,8,1,0]],[],0]],[],[["_MainTex",4,0,0,0,0,"white",0],["_InvFade",3,1,0.00999999977648258,3,0,"",0]],null,null,0,0,0]},{"id":48,"assetBundleId":-2,"data":[[],"Hidden/BlitCopy",null,["STEREO_CUBEMAP_RENDER_ON","STEREO_INSTANCING_ON","STEREO_MULTIVIEW_ON","UNITY_SINGLE_PASS_STEREO"],[[0,0,"",0,"",0,[8,null],[0,null],[0,null],[[1,null],[0,null],[0,null]],[[1,null],[0,null],[0,null]],[15,null],[0,null],[0,null],[0,null],[255,null],[255,null],[[0,null],[0,null],[0,null],[8,null]],[[0,null],[0,null],[0,null],[8,null]],[[0,null],[0,null],[0,null],[8,null]],[],["STEREO_CUBEMAP_RENDER_ON","STEREO_INSTANCING_ON","STEREO_MULTIVIEW_ON","UNITY_SINGLE_PASS_STEREO"],[],[],[],0]],[],[["_MainTex",4,0,0,0,0,"",0],["_Color",0,1,1,1,1,"",0]],null,null,0,0,0]}],"resources":[{"id":0,"assetBundleId":-2,"data":[[["fonts & materials/lilitaone-regular sdf",12,26630],["fonts & materials/lilitaone-regular sdf",10,26628],["fonts & materials/lilitaone-regular",12,30912],["fonts & materials/lilitaone-regular",58,30888],["fonts & materials/lilitaone-regular sdf",9,26626],["unity_builtin_extra",11,168],["unity_builtin_extra",10,768],["unity_builtin_extra",11,26],["unity_builtin_extra",10,560],["unity_builtin_extra",11,28],["fonts & materials/liberationsans sdf",9,26604],["sprite assets/emojione",10,34720],["sprite assets/emojione",63,26592],["style sheets/default style sheet",64,26550],["linebreaking leading characters",60,31060],["linebreaking following characters",60,31062],["tmp settings",62,27018]],[30418,30416,30400,30416,30410,30416,30868,30416,30870,30416,30872,30416,30402,30416,30412,30416,30406,30416,379186,380582,30890,30416,30892,30416,30896,30416,30898,30416,30902,30416,-2797924,380582,30900,30416,-2797932,380582,30894,30416,-2797900,380582,-2797908,380582,-2797916,380582,378854,380582,-2799560,380582,-2799568,380582,-2799536,380582,-2799544,380582,-2799552,380582,30864,30416,30408,30416,-2799556,380582,-2799564,380582,-2799572,380582,30390,30388,30392,30388,30424,30388,30386,30388,381786,380582,30828,30388,-2796132,380582,-2796128,380582,30822,30388,30824,30388,30384,30388,-2796134,380582,380110,380582,-2799690,380582,-2799686,380582,-2799692,380582,380056,380582,-2795112,380582,-2795108,380582,-2795114,380582,381326,380582,-2799352,380582,-2799348,380582,-2799354,380582,379944,380582,-2795478,380582,-2795474,380582,-2795480,380582,381142,380582,-2798064,380582,-2798060,380582,-2798066,380582,378900,380582,-2798516,380582,-2798512,380582,-2798518,380582,378908,380582,-2801832,380582,-2801828,380582,-2801834,380582,379630,380582,-2798266,380582,-2798262,380582,-2798268,380582,380342,380582,-2800022,380582,-2800018,380582,-2800024,380582,381528,380582,-2798982,380582,-2798978,380582,-2798984,380582,381486,380582,-2801896,380582,-2801892,380582,-2801898,380582,381594,380582,-2799492,380582,-2799488,380582,-2799494,380582,379440,380582,-2798122,380582,-2798118,380582,-2798124,380582,380764,380582,-2796296,380582,-2796292,380582,-2796298,380582,380578,380582,-2800260,380582,-2800256,380582,-2800262,380582,378928,380582,-2795398,380582,-2795394,380582,-2795400,380582,379600,380582,-2798814,380582,-2798810,380582,-2798816,380582,380958,380582,381322,380582,-2798332,380582,-2798334,380582,379288,380582,-2795462,380582,-2795458,380582,-2795464,380582,380320,380582,-2801104,380582,-2801100,380582,-2801106,380582,380370,380582,-2801980,380582,-2801976,380582,-2801982,380582,380882,380582,-2798610,380582,-2798606,380582,-2798612,380582,381374,380582,380272,380582,-2795064,380582,-2795066,380582,379932,380582,381164,380582,-2796684,380582,-2796686,380582,381592,380582,381370,380582,-2798562,380582,-2798564,380582,380124,380582,381060,380582,-2795142,380582,-2795144,380582,379260,380582,379634,380582,-2797964,380582,-2797966,380582,380296,380582,379662,380582,-2798202,380582,-2798204,380582,380282,380582,379588,380582,-2801402,380582,-2801404,380582,379088,380582,380744,380582,-2799626,380582,-2799628,380582,380956,380582,378814,380582,-2795688,380582,-2795690,380582,381266,380582,379934,380582,-2797892,380582,-2797894,380582,379574,380582,381300,380582,-2798188,380582,-2798190,380582,379338,380582,378698,380582,-2801716,380582,-2801718,380582,379744,380582,379414,380582,-2796116,380582,-2796118,380582,381312,380582,-2795050,380582,-2795046,380582,-2795052,380582,380888,380582,-2796716,380582,-2796712,380582,-2796718,380582,381040,380582,-2796464,380582,-2796460,380582,-2796466,380582,380634,380582,-2797702,380582,-2797698,380582,-2797704,380582,381482,380582,-2799658,380582,-2799654,380582,-2799660,380582,378804,380582,-2797434,380582,-2797430,380582,-2797436,380582,380120,380582,-2800228,380582,-2800224,380582,-2800230,380582,378844,380582,-2798594,380582,-2798590,380582,-2798596,380582,380114,380582,-2798250,380582,-2798246,380582,-2798252,380582,381220,380582,-2795366,380582,-2795362,380582,-2795368,380582,380038,380582,-2798782,380582,-2798778,380582,-2798784,380582,380002,380582,-2799774,380582,-2799770,380582,-2799776,380582,379064,380582,-2798416,380582,-2798412,380582,-2798418,380582,381262,380582,-2797782,380582,-2797778,380582,-2797784,380582,380562,380582,-2802232,380582,-2802228,380582,-2802234,380582,379848,380582,-2799046,380582,-2799042,380582,-2799048,380582,378572,380582,-2799642,380582,-2799638,380582,-2799644,380582,381654,380582,-2797418,380582,-2797414,380582,-2797420,380582,378896,380582,-2796768,380582,-2796764,380582,-2796770,380582,381132,380582,-2800154,380582,-2800150,380582,-2800156,380582,380020,380582,-2799178,380582,-2799174,380582,-2799180,380582,379652,380582,-2801244,380582,-2801240,380582,-2801246,380582,379026,380582,-2795218,380582,-2795214,380582,-2795220,380582,380450,380582,-2798432,380582,-2798428,380582,-2798434,380582,379034,380582,-2799162,380582,-2799158,380582,-2799164,380582,380444,380582,-2800976,380582,-2800972,380582,-2800978,380582,381366,380582,-2798532,380582,-2798528,380582,-2798534,380582,378752,380582,-2796060,380582,-2796056,380582,-2796062,380582,381424,380582,-2796606,380582,-2796602,380582,-2796608,380582,379248,380582,-2797798,380582,-2797794,380582,-2797800,380582,380594,380582,-2796654,380582,-2796650,380582,-2796656,380582,379898,380582,-2794886,380582,-2794882,380582,-2794888,380582,379006,380582,-2799790,380582,-2799786,380582,-2799792,380582,380796,380582,-2796622,380582,-2796618,380582,-2796624,380582,380214,380582,-2800138,380582,-2800134,380582,-2800140,380582,379776,380582,-2802012,380582,-2802008,380582,-2802014,380582,379492,380582,-2799194,380582,-2799190,380582,-2799196,380582,379120,380582,-2798998,380582,-2798994,380582,-2799000,380582,378628,380582,-2796868,380582,-2796864,380582,-2796870,380582,381672,380582,-2799958,380582,-2799954,380582,-2799960,380582,380190,380582,-2800432,380582,-2800428,380582,-2800434,380582,378602,380582,-2796328,380582,-2796324,380582,-2796330,380582,378956,380582,-2797718,380582,-2797714,380582,-2797720,380582,380050,380582,-2797766,380582,-2797762,380582,-2797768,380582,378810,380582,-2795128,380582,-2795124,380582,-2795130,380582,380752,380582,-2797366,380582,-2797362,380582,-2797368,380582,381244,380582,-2797314,380582,-2797310,380582,-2797316,380582,379092,380582,-2795080,380582,-2795076,380582,-2795082,380582,380722,380582,-2800364,380582,-2800360,380582,-2800366,380582,379782,380582,-2801732,380582,-2801728,380582,-2801734,380582,379486,380582,-2801156,380582,-2801152,380582,-2801158,380582,378552,380582,-2795018,380582,-2795014,380582,-2795020,380582,380426,380582,-2795658,380582,-2795654,380582,-2795660,380582,379420,380582,-2796638,380582,-2796634,380582,-2796640,380582,380478,380582,-2800764,380582,-2800760,380582,-2800766,380582,379812,380582,-2799806,380582,-2799802,380582,-2799808,380582,380900,380582,-2796784,380582,-2796780,380582,-2796786,380582,380556,380582,-2795314,380582,-2795310,380582,-2795316,380582,380026,380582,-2795510,380582,-2795506,380582,-2795512,380582,380104,380582,-2801602,380582,-2801598,380582,-2801604,380582,379154,380582,-2795382,380582,-2795378,380582,-2795384,380582,380728,380582,-2801702,380582,-2801698,380582,-2801704,380582,381418,380582,-2796216,380582,-2796212,380582,-2796218,380582,379040,380582,-2802044,380582,-2802040,380582,-2802046,380582,381692,380582,-2795756,380582,-2795752,380582,-2795758,380582,379342,380582,-2795892,380582,-2795888,380582,-2795894,380582,378532,380582,-2800604,380582,-2800600,380582,-2800606,380582,380432,380582,-2798318,380582,-2798314,380582,-2798320,380582,380568,380582,-2797830,380582,-2797826,380582,-2797832,380582,380142,380582,-2797024,380582,-2797020,380582,-2797026,380582,378526,380582,-2796232,380582,-2796228,380582,-2796234,380582,381442,380582,-2797750,380582,-2797746,380582,-2797752,380582,378608,380582,-2798578,380582,-2798574,380582,-2798580,380582,379070,380582,-2797980,380582,-2797976,380582,-2797982,380582,378758,380582,-2800464,380582,-2800460,380582,-2800466,380582,380654,380582,-2799822,380582,-2799818,380582,-2799824,380582,379200,380582,-2796960,380582,-2796956,380582,-2796962,380582,381004,380582,-2801800,380582,-2801796,380582,-2801802,380582,381728,380582,-2797670,380582,-2797666,380582,-2797672,380582,380770,380582,-2796448,380582,-2796444,380582,-2796450,380582,380962,380582,-2796670,380582,-2796666,380582,-2796672,380582,381314,380582,380890,380582,381042,380582,380636,380582,381484,380582,378806,380582,380122,380582,378846,380582,380116,380582,381222,380582,380040,380582,380004,380582,379066,380582,381264,380582,380564,380582,379850,380582,378574,380582,381656,380582,378898,380582,381134,380582,380022,380582,379654,380582,379028,380582,380452,380582,379036,380582,380446,380582,381368,380582,378754,380582,381426,380582,379250,380582,380596,380582,379900,380582,379008,380582,380798,380582,380216,380582,379778,380582,379494,380582,379122,380582,378630,380582,381674,380582,380192,380582,378604,380582,378958,380582,380052,380582,378812,380582,380754,380582,381246,380582,379094,380582,380724,380582,379784,380582,379488,380582,378554,380582,380428,380582,379422,380582,380480,380582,379814,380582,380902,380582,380558,380582,380028,380582,380106,380582,379156,380582,380730,380582,381420,380582,379042,380582,381694,380582,379344,380582,378534,380582,380434,380582,380570,380582,380144,380582,378528,380582,381444,380582,378610,380582,379072,380582,378760,380582,380656,380582,379202,380582,381006,380582,381730,380582,380772,380582,380964,380582,381648,380582,-2798766,380582,-2798762,380582,-2798768,380582,381704,380582,-2795674,380582,-2795670,380582,-2795676,380582,380220,380582,-2798966,380582,-2798962,380582,-2798968,380582,381492,380582,-2797498,380582,-2797494,380582,-2797500,380582,379394,380582,-2800448,380582,-2800444,380582,-2800450,380582,379550,380582,-2799674,380582,-2799670,380582,-2799676,380582,381570,380582,-2795494,380582,-2795490,380582,-2795496,380582,379076,380582,-2795578,380582,-2795574,380582,-2795580,380582,380332,380582,-2796800,380582,-2796796,380582,-2796802,380582,381318,380582,-2795908,380582,-2795904,380582,-2795910,380582,379294,380582,-2802112,380582,-2802108,380582,-2802114,380582,380208,380582,-2795940,380582,-2795936,380582,-2795942,380582,381306,380582,-2801312,380582,-2801308,380582,-2801314,380582,379880,380582,-2801554,380582,-2801550,380582,-2801556,380582,380466,380582,-2796700,380582,-2796696,380582,-2796702,380582,380354,380582,-2797040,380582,-2797036,380582,-2797042,380582,378936,380582,-2801344,380582,-2801340,380582,-2801346,380582,378820,380582,-2800992,380582,-2800988,380582,-2800994,380582,378694,380582,-2795610,380582,-2795606,380582,-2795612,380582,379052,380582,-2795626,380582,-2795622,380582,-2795628,380582,380758,380582,-2800090,380582,-2800086,380582,-2800092,380582,379556,380582,-2797814,380582,-2797810,380582,-2797816,380582,381202,380582,-2797450,380582,-2797446,380582,-2797452,380582,379868,380582,-2796280,380582,-2796276,380582,-2796282,380582,379018,380582,-2796480,380582,-2796476,380582,-2796482,380582,379388,380582,-2801418,380582,-2801414,380582,-2801420,380582,378718,380582,-2798950,380582,-2798946,380582,-2798952,380582,380914,380582,-2798902,380582,-2798898,380582,-2798904,380582,380544,380582,-2801864,380582,-2801860,380582,-2801866,380582,381112,380582,-2797846,380582,-2797842,380582,-2797848,380582,378520,380582,-2796944,380582,-2796940,380582,-2796946,380582,381760,380582,-2798384,380582,-2798380,380582,-2798386,380582,379910,380582,-2795034,380582,-2795030,380582,-2795036,380582,380894,380582,-2799974,380582,-2799970,380582,-2799976,380582,378688,380582,-2799722,380582,-2799718,380582,-2799724,380582,379058,380582,-2799300,380582,-2799296,380582,-2799302,380582,378746,380582,-2799030,380582,-2799026,380582,-2799032,380582,381066,380582,-2795740,380582,-2795736,380582,-2795742,380582,379712,380582,-2797602,380582,-2797598,380582,-2797604,380582,381448,380582,-2798918,380582,-2798914,380582,-2798920,380582,380032,380582,-2801296,380582,-2801292,380582,-2801298,380582,378584,380582,-2795924,380582,-2795920,380582,-2795926,380582,379098,380582,-2799242,380582,-2799238,380582,-2799244,380582,381214,380582,-2799874,380582,-2799870,380582,-2799876,380582,381630,380582,-2798798,380582,-2798794,380582,-2798800,380582,379456,380582,-2802180,380582,-2802176,380582,-2802182,380582,381010,380582,-2796884,380582,-2796880,380582,-2796886,380582,381642,380582,-2800960,380582,-2800956,380582,-2800962,380582,380484,380582,-2799890,380582,-2799886,380582,-2799892,380582,380398,380582,-2798174,380582,-2798170,380582,-2798176,380582,380850,380582,-2801650,380582,-2801646,380582,-2801652,380582,381740,380582,-2796590,380582,-2796586,380582,-2796592,380582,378558,380582,-2796976,380582,-2796972,380582,-2796978,380582,379242,380582,-2799014,380582,-2799010,380582,-2799016,380582,380014,380582,-2795282,380582,-2795278,380582,-2795284,380582,380940,380582,-2797466,380582,-2797462,380582,-2797468,380582,378980,380582,-2795642,380582,-2795638,380582,-2795644,380582,379788,380582,-2801618,380582,-2801614,380582,-2801620,380582,379892,380582,-2797250,380582,-2797246,380582,-2797252,380582,379180,380582,-2801008,380582,-2801004,380582,-2801010,380582,381606,380582,-2800848,380582,-2800844,380582,-2800850,380582,380992,380582,-2795414,380582,-2795410,380582,-2795416,380582,380620,380582,-2801502,380582,-2801498,380582,-2801504,380582,379904,380582,-2802028,380582,-2802024,380582,-2802030,380582,380326,380582,-2798048,380582,-2798044,380582,-2798050,380582,380550,380582,-2797862,380582,-2797858,380582,-2797864,380582,378850,380582,-2796264,380582,-2796260,380582,-2796266,380582,378826,380582,-2801634,380582,-2801630,380582,-2801636,380582,379874,380582,-2795446,380582,-2795442,380582,-2795448,380582,380844,380582,-2799440,380582,-2799436,380582,-2799442,380582,379860,380582,-2795234,380582,-2795230,380582,-2795236,380582,379000,380582,-2801486,380582,-2801482,380582,-2801488,380582,379212,380582,-2795562,380582,-2795558,380582,-2795564,380582,380226,380582,-2796008,380582,-2796004,380582,-2796010,380582,380008,380582,-2798448,380582,-2798444,380582,-2798450,380582,381624,380582,-2801586,380582,-2801582,380582,-2801588,380582,381238,380582,-2801748,380582,-2801744,380582,-2801750,380582,379706,380582,-2802060,380582,-2802056,380582,-2802062,380582,380734,380582,-2801964,380582,-2801960,380582,-2801966,380582,381352,380582,-2802164,380582,-2802160,380582,-2802166,380582,378642,380582,-2797234,380582,-2797230,380582,-2797236,380582,381650,380582,381706,380582,380222,380582,381494,380582,379396,380582,379552,380582,381572,380582,379078,380582,380334,380582,381320,380582,379296,380582,380210,380582,381308,380582,379882,380582,380468,380582,380356,380582,378938,380582,378822,380582,378696,380582,379054,380582,380760,380582,379558,380582,381204,380582,379870,380582,379020,380582,379390,380582,378720,380582,380916,380582,380546,380582,381114,380582,378522,380582,381762,380582,379912,380582,380896,380582,378690,380582,379060,380582,378748,380582,381068,380582,379714,380582,381450,380582,380034,380582,378586,380582,379100,380582,381216,380582,381632,380582,379458,380582,381012,380582,381644,380582,380486,380582,380400,380582,380852,380582,381742,380582,378560,380582,379244,380582,380016,380582,380942,380582,378982,380582,379790,380582,379894,380582,379182,380582,381608,380582,380994,380582,380622,380582,379906,380582,380328,380582,380552,380582,378852,380582,378828,380582,379876,380582,380846,380582,379862,380582,379002,380582,379214,380582,380228,380582,380010,380582,381626,380582,381240,380582,379708,380582,380736,380582,381354,380582,378644,380582,378866,380582,-2795192,380582,-2795200,380582,-2795168,380582,-2795176,380582,-2795184,380582,-2795188,380582,-2795196,380582,-2795204,380582,378764,380582,-2796918,380582,-2796926,380582,-2796894,380582,-2796902,380582,-2796910,380582,-2796914,380582,-2796922,380582,-2796930,380582,378538,380582,-2801078,380582,-2801086,380582,-2801054,380582,-2801062,380582,-2801070,380582,-2801074,380582,-2801082,380582,-2801090,380582,379506,380582,-2799274,380582,-2799282,380582,-2799250,380582,-2799258,380582,-2799266,380582,-2799270,380582,-2799278,380582,-2799286,380582,380128,380582,-2799602,380582,-2799610,380582,-2799578,380582,-2799586,380582,-2799594,380582,-2799598,380582,-2799606,380582,-2799614,380582,378942,380582,-2796092,380582,-2796100,380582,-2796068,380582,-2796076,380582,-2796084,380582,-2796088,380582,-2796096,380582,-2796104,380582,380490,380582,-2800780,380582,-2800776,380582,-2800782,380582,381454,380582,-2798934,380582,-2798930,380582,-2798936,380582,380306,380582,-2797266,380582,-2797262,380582,-2797268,380582,380338,380582,-2797878,380582,-2797874,380582,-2797880,380582,381686,380582,-2797686,380582,-2797682,380582,-2797688,380582,379916,380582,-2796852,380582,-2796848,380582,-2796854,380582,380906,380582,-2796312,380582,-2796308,380582,-2796314,380582,380360,380582,-2795266,380582,-2795262,380582,-2795268,380582,378590,380582,-2801570,380582,-2801566,380582,-2801572,380582,381636,380582,-2798714,380582,-2798710,380582,-2798716,380582,379522,380582,-2799706,380582,-2799702,380582,-2799708,380582,381094,380582,-2800832,380582,-2800828,380582,-2800834,380582,381208,380582,-2801880,380582,-2801876,380582,-2801882,380582,380740,380582,-2798548,380582,-2798544,380582,-2798550,380582,381436,380582,-2799146,380582,-2799142,380582,-2799148,380582,379584,380582,-2798234,380582,-2798230,380582,-2798236,380582,378596,380582,-2800038,380582,-2800034,380582,-2800040,380582,381118,380582,-2797734,380582,-2797730,380582,-2797736,380582,379668,380582,-2797996,380582,-2797992,380582,-2797998,380582,381406,380582,-2800170,380582,-2800166,380582,-2800172,380582,380438,380582,-2795096,380582,-2795092,380582,-2795098,380582,381774,380582,-2796248,380582,-2796244,380582,-2796250,380582,380818,380582,-2796164,380582,-2796160,380582,-2796166,380582,381618,380582,-2795772,380582,-2795768,380582,-2795774,380582,381698,380582,-2801328,380582,-2801324,380582,-2801330,380582,381660,380582,-2801816,380582,-2801812,380582,-2801818,380582,380348,380582,-2796992,380582,-2796988,380582,-2796994,380582,378654,380582,-2795876,380582,-2795872,380582,-2795878,380582,381520,380582,-2800006,380582,-2800002,380582,-2800008,380582,380672,380582,-2797298,380582,-2797294,380582,-2797300,380582,380986,380582,-2800244,380582,-2800240,380582,-2800246,380582,380300,380582,-2797514,380582,-2797510,380582,-2797516,380582,381378,380582,-2799114,380582,-2799110,380582,-2799116,380582,379334,380582,-2797008,380582,-2797004,380582,-2797010,380582,378724,380582,-2796344,380582,-2796340,380582,-2796346,380582,380420,380582,-2799098,380582,-2799094,380582,-2799100,380582,380492,380582,381456,380582,380308,380582,380340,380582,381688,380582,379918,380582,380908,380582,380362,380582,378592,380582,381638,380582,379524,380582,381096,380582,381210,380582,380742,380582,381438,380582,379586,380582,378598,380582,381120,380582,379670,380582,381408,380582,380440,380582,381776,380582,380820,380582,381620,380582,381700,380582,381662,380582,380350,380582,378656,380582,381522,380582,380674,380582,380988,380582,380302,380582,381380,380582,379336,380582,378726,380582,380422,380582,30602,30600,30956,30600,30958,30600,30960,30600,30962,30600,30964,30600,30966,30600,30968,30600,381154,378504,30976,30600,30612,30600,30978,30600,30618,30600,30972,30600,30606,30600,30974,30600,30608,30600,30622,30600,30592,30600,-2795820,378504,-2795828,378504,-2795836,378504,-2795844,378504,-2795852,378504,-2795860,378504,30594,30600,30596,30600,379462,380582,-2795158,380582,-2795154,380582,380784,380582,-2797124,380582,-2797120,380582,-2797126,380582,381294,380582,-2801996,380582,-2801992,380582,-2801998,380582,379578,380582,-2797654,380582,-2797650,380582,-2797656,380582,378986,380582,-2799130,380582,-2799126,380582,-2799132,380582,380412,380582,-2801470,380582,-2801466,380582,-2801472,380582,379498,380582,-2800908,380582,-2800904,380582,-2800910,380582,380278,380582,-2798662,380582,-2798658,380582,-2798664,380582,381232,380582,-2797218,380582,-2797214,380582,-2797220,380582,380790,380582,-2798400,380582,-2798396,380582,-2798402,380582,381226,380582,-2799990,380582,-2799986,380582,-2799992,380582,379012,380582,-2796496,380582,-2796492,380582,-2796498,380582,378786,380582,-2796432,380582,-2796428,380582,-2796434,380582,379300,380582,-2795594,380582,-2795590,380582,-2795596,380582,379306,380582,-2801848,380582,-2801844,380582,-2801850,380582,378918,380582,-2797282,380582,-2797278,380582,-2797284,380582,378578,380582,-2797482,380582,-2797478,380582,-2797484,380582,380574,380582,-2800276,380582,-2800272,380582,-2800278,380582,381106,380582,-2800380,380582,-2800376,380582,-2800382,380582,379686,380582,-2798500,380582,-2798496,380582,-2798502,380582,381612,380582,-2795250,380582,-2795246,380582,-2795252,380582,381504,380582,-2798218,380582,-2798214,380582,-2798220,380582,379940,380582,-2797950,380582,-2797946,380582,-2797952,380582,381716,380582,-2795430,380582,-2795426,380582,-2795432,380582,379136,380582,-2797056,380582,-2797052,380582,-2797058,380582,380802,380582,-2800122,380582,-2800118,380582,-2800124,380582,381746,380582,-2795298,380582,-2795294,380582,-2795300,380582,381554,380582,-2800552,380582,-2800548,380582,-2800554,380582,381600,380582,-2795956,380582,-2795952,380582,-2795958,380582,378648,380582,-2796148,380582,-2796144,380582,-2796150,380582,379606,380582,-2797108,380582,-2797104,380582,-2797110,380582,380520,380582,-2800106,380582,-2800102,380582,-2800108,380582,380248,380582,-2799210,380582,-2799206,380582,-2799212,380582,379770,380582,-2799942,380582,-2799938,380582,-2799944,380582,378968,380582,-2799226,380582,-2799222,380582,-2799228,380582,380232,380582,-2801948,380582,-2801944,380582,-2801950,380582,380498,380582,-2800882,380582,-2800890,380582,-2800858,380582,-2800866,380582,-2800874,380582,-2800878,380582,-2800886,380582,-2800894,380582,378792,380582,-2794956,380582,-2794964,380582,-2794932,380582,-2794940,380582,-2794948,380582,-2794952,380582,-2794960,380582,-2794968,380582,381250,380582,-2801378,380582,-2801386,380582,-2801354,380582,-2801362,380582,-2801370,380582,-2801374,380582,-2801382,380582,-2801390,380582,379756,380582,-2800202,380582,-2800210,380582,-2800178,380582,-2800186,380582,-2800194,380582,-2800198,380582,-2800206,380582,-2800214,380582,379160,380582,-2797192,380582,-2797200,380582,-2797168,380582,-2797176,380582,-2797184,380582,-2797188,380582,-2797196,380582,-2797204,380582,379718,380582,-2798096,380582,-2798104,380582,-2798072,380582,-2798080,380582,-2798088,380582,-2798092,380582,-2798100,380582,-2798108,380582,380786,380582,379464,380582,381296,380582,379580,380582,378988,380582,380414,380582,379500,380582,380280,380582,381234,380582,380792,380582,381228,380582,379014,380582,378788,380582,379302,380582,379308,380582,378920,380582,378580,380582,380576,380582,381108,380582,379688,380582,381614,380582,381506,380582,379942,380582,381718,380582,379138,380582,380804,380582,381748,380582,381556,380582,381602,380582,378650,380582,379608,380582,380522,380582,380250,380582,379772,380582,378970,380582,380234,380582,-2795160,380582,30432,30430,30836,30430,30838,30430,30840,30430,30844,30430,30848,30430,30842,30430,379174,380582,30862,30430,30854,30430,30856,30430,30858,30430,30860,30430,-2801910,380582,-2801918,380582,-2801930,380582,30830,30430,30832,30430,30434,30430,-2801914,380582,-2801932,380582,-2801924,380582,30834,30430,378924,380582,-2801516,380582,-2801524,380582,-2801536,380582,-2801520,380582,-2801538,380582,-2801530,380582,379974,380582,-2799314,380582,-2799322,380582,-2799334,380582,-2799318,380582,-2799336,380582,-2799328,380582,381576,380582,-2796178,380582,-2796186,380582,-2796198,380582,-2796182,380582,-2796200,380582,-2796192,380582,381288,380582,-2797070,380582,-2797078,380582,-2797090,380582,-2797074,380582,-2797092,380582,-2797084,380582,378962,380582,-2799366,380582,-2799374,380582,-2799386,380582,-2799370,380582,-2799388,380582,-2799380,380582,380678,380582,-2798828,380582,-2798836,380582,-2798848,380582,-2798832,380582,-2798850,380582,-2798842,380582,380830,380582,-2799904,380582,-2799912,380582,-2799924,380582,-2799908,380582,-2799926,380582,-2799918,380582,380824,380582,-2795970,380582,-2795978,380582,-2795990,380582,-2795974,380582,-2795992,380582,-2795984,380582,379854,380582,-2799736,380582,-2799744,380582,-2799756,380582,-2799740,380582,-2799758,380582,-2799750,380582,378706,380582,-2800052,380582,-2800060,380582,-2800072,380582,-2800056,380582,-2800074,380582,-2800066,380582,381084,380582,-2798462,380582,-2798470,380582,-2798482,380582,-2798466,380582,-2798484,380582,-2798476,380582,379046,380582,-2800394,380582,-2800402,380582,-2800414,380582,-2800398,380582,-2800416,380582,-2800408,380582,380998,380582,-2802074,380582,-2802082,380582,-2802094,380582,-2802078,380582,-2802096,380582,-2802088,380582,380838,380582,-2798728,380582,-2798736,380582,-2798748,380582,-2798732,380582,-2798750,380582,-2798742,380582,380404,380582,-2801664,380582,-2801672,380582,-2801684,380582,-2801668,380582,-2801686,380582,-2801678,380582,378674,380582,-2801206,380582,-2801214,380582,-2801226,380582,-2801210,380582,-2801228,380582,-2801220,380582,380044,380582,-2796022,380582,-2796030,380582,-2796042,380582,-2796026,380582,-2796044,380582,-2796036,380582,380538,380582,-2796358,380582,-2796366,380582,-2796378,380582,-2796362,380582,-2796380,380582,-2796372,380582,380472,380582,-2799060,380582,-2799068,380582,-2799080,380582,-2799064,380582,-2799082,380582,-2799074,380582,379692,380582,-2795524,380582,-2795532,380582,-2795544,380582,-2795528,380582,-2795546,380582,-2795538,380582,379206,380582,-2797564,380582,-2797572,380582,-2797584,380582,-2797568,380582,-2797586,380582,-2797578,380582,380084,380582,-2802126,380582,-2802134,380582,-2802146,380582,-2802130,380582,-2802148,380582,-2802140,380582,380384,380582,-2801258,380582,-2801266,380582,-2801278,380582,-2801262,380582,-2801280,380582,-2801272,380582,380202,380582,-2798346,380582,-2798354,380582,-2798366,380582,-2798350,380582,-2798368,380582,-2798360,380582,381468,380582,-2798280,380582,-2798288,380582,-2798300,380582,-2798284,380582,-2798302,380582,-2798294,380582,381710,380582,-2800290,380582,-2800298,380582,-2800310,380582,-2800294,380582,-2800312,380582,-2800304,380582,379364,380582,-2797328,380582,-2797336,380582,-2797348,380582,-2797332,380582,-2797350,380582,-2797342,380582,380648,380582,-2798624,380582,-2798632,380582,-2798644,380582,-2798628,380582,-2798646,380582,-2798638,380582,381138,380582,-2800326,380582,-2800334,380582,-2800346,380582,-2800330,380582,-2800348,380582,-2800340,380582,380286,380582,-2802246,380582,-2802254,380582,-2802266,380582,-2802250,380582,-2802268,380582,-2802260,380582,379104,380582,-2799402,380582,-2799410,380582,-2799422,380582,-2799406,380582,-2799424,380582,-2799416,380582,381282,380582,-2800922,380582,-2800930,380582,-2800942,380582,-2800926,380582,-2800944,380582,-2800936,380582,379658,380582,-2800726,380582,-2800734,380582,-2800746,380582,-2800730,380582,-2800748,380582,-2800740,380582,379370,380582,-2801118,380582,-2801126,380582,-2801138,380582,-2801122,380582,-2801140,380582,-2801132,380582,379528,380582,-2800478,380582,-2800486,380582,-2800498,380582,-2800482,380582,-2800500,380582,-2800492,380582,381340,380582,-2800654,380582,-2800662,380582,-2800674,380582,-2800658,380582,-2800676,380582,-2800668,380582,380292,380582,-2798010,380582,-2798018,380582,-2798030,380582,-2798014,380582,-2798032,380582,-2798024,380582,381510,380582,-2797138,380582,-2797146,380582,-2797158,380582,-2797142,380582,-2797160,380582,-2797152,380582,379802,380582,-2796814,380582,-2796822,380582,-2796834,380582,-2796818,380582,-2796836,380582,-2796828,380582,381056,380582,-2801022,380582,-2801030,380582,-2801042,380582,-2801026,380582,-2801044,380582,-2801036,380582,381734,380582,-2796394,380582,-2796402,380582,-2796414,380582,-2796398,380582,-2796416,380582,-2796408,380582,380614,380582,-2796730,380582,-2796738,380582,-2796750,380582,-2796734,380582,-2796752,380582,-2796744,380582,381078,380582,-2802194,380582,-2802202,380582,-2802214,380582,-2802198,380582,-2802216,380582,-2802208,380582,381400,380582,-2800794,380582,-2800802,380582,-2800814,380582,-2800798,380582,-2800816,380582,-2800808,380582,378974,380582,-2800690,380582,-2800698,380582,-2800710,380582,-2800694,380582,-2800712,380582,-2800704,380582,379236,380582,-2795786,380582,-2795794,380582,-2795806,380582,-2795790,380582,-2795808,380582,-2795800,380582,380366,380582,-2796552,380582,-2796560,380582,-2796572,380582,-2796556,380582,-2796574,380582,-2796566,380582,381394,380582,-2800566,380582,-2800574,380582,-2800586,380582,-2800570,380582,-2800588,380582,-2800580,380582,379842,380582,-2801170,380582,-2801178,380582,-2801190,380582,-2801174,380582,-2801192,380582,-2801184,380582,381462,380582,-2797616,380582,-2797624,380582,-2797636,380582,-2797620,380582,-2797638,380582,-2797630,380582,381072,380582,-2797528,380582,-2797536,380582,-2797548,380582,-2797532,380582,-2797550,380582,-2797542,380582,380456,380582,-2801432,380582,-2801440,380582,-2801452,380582,-2801436,380582,-2801454,380582,-2801446,380582,380660,380582,-2798676,380582,-2798684,380582,-2798696,380582,-2798680,380582,-2798698,380582,-2798690,380582,379950,380582,-2797380,380582,-2797388,380582,-2797400,380582,-2797384,380582,-2797402,380582,-2797394,380582,380600,380582,-2801762,380582,-2801770,380582,-2801782,380582,-2801766,380582,-2801784,380582,-2801776,380582,380716,380582,-2799454,380582,-2799462,380582,-2799474,380582,-2799458,380582,-2799476,380582,-2799468,380582,381160,380582,-2799836,380582,-2799844,380582,-2799856,380582,-2799840,380582,-2799858,380582,-2799850,380582,379218,380582,-2800618,380582,-2800626,380582,-2800638,380582,-2800622,380582,-2800640,380582,-2800632,380582,378712,380582,-2800514,380582,-2800522,380582,-2800534,380582,-2800518,380582,-2800536,380582,-2800528,380582,380666,380582,-2795328,380582,-2795336,380582,-2795348,380582,-2795332,380582,-2795350,380582,-2795342,380582,381430,380582,-2799506,380582,-2799514,380582,-2799526,380582,-2799510,380582,-2799528,380582,-2799520,380582,381498,380582,-2798864,380582,-2798872,380582,-2798884,380582,-2798868,380582,-2798886,380582,-2798878,380582,380934,380582,-2794900,380582,-2794908,380582,-2794920,380582,-2794904,380582,-2794922,380582,-2794914,380582,381412,380582,-2795702,380582,-2795710,380582,-2795722,380582,-2795706,380582,-2795724,380582,-2795716,380582,381722,380582,-2794980,380582,-2794988,380582,-2795000,380582,-2794984,380582,-2795002,380582,-2794994,380582,380262,380582,-2798136,380582,-2798144,380582,-2798156,380582,-2798140,380582,-2798158,380582,-2798150,380582,379176,380582,378926,380582,379976,380582,381578,380582,381290,380582,378964,380582,380680,380582,380832,380582,380826,380582,379856,380582,378708,380582,381086,380582,379048,380582,381000,380582,380840,380582,380406,380582,378676,380582,380046,380582,380540,380582,380474,380582,379694,380582,379208,380582,380086,380582,380386,380582,380204,380582,381470,380582,381712,380582,379366,380582,380650,380582,381140,380582,380288,380582,379106,380582,381284,380582,379660,380582,379372,380582,379530,380582,381342,380582,380294,380582,381512,380582,379804,380582,381058,380582,381736,380582,380616,380582,381080,380582,381402,380582,378976,380582,379238,380582,380368,380582,381396,380582,379844,380582,381464,380582,381074,380582,380458,380582,380662,380582,379952,380582,380602,380582,380718,380582,381162,380582,379220,380582,378714,380582,380668,380582,381432,380582,381500,380582,380936,380582,381414,380582,381724,380582,380264,380582,381788,380582,380494,380582,380058,380582,381328,380582,379946,380582,381144,380582,378902,380582,378910,380582,379632,380582,380344,380582,381530,380582,381488,380582,381596,380582,379442,380582,380766,380582,380580,380582,378930,380582,379602,380582,381324,380582,379290,380582,380322,380582,380372,380582,380884,380582,380274,380582,381166,380582,381372,380582,381062,380582,379636,380582,379664,380582,379590,380582,380746,380582,378816,380582,379936,380582,381302,380582,378700,380582,379416,380582,379320,380582,-2796528,380582,-2796536,380582,-2796504,380582,-2796512,380582,-2796520,380582,-2796524,380582,-2796532,380582,-2796540,380582,-2797920,380582,-2797928,380582,-2797936,380582,379196,380582,378858,380582,379330,380582,378952,380582,379516,380582,380138,380582,379728,380582,379766,380582,379170,380582]]}],"project-settings":[{"id":-1,"assetBundleId":-2,"data":[[["UnityEngine.U2D.CinemachinePixelPerfect",-1],["UnityEngine.EventSystems.EventSystem",-1000],["UnityEngine.UI.ToggleGroup",10],["TMPro.TextMeshPro",-105],["TMPro.TextMeshProUGUI",-100],["TMPro.TextContainer",-110]],[[0,"Default",0]],[[0,"Default"],[1,"TransparentFX"],[2,"Ignore Raycast"],[4,"Water"],[5,"UI"]],[0.0199999921023846,0.333333343267441,1,0.0299999993294477],[0,-9.8100004196167,0,6,2,0,1,[[0,0,0],[0,0,1],[0,0,2],[0,0,4],[0,0,5],[0,1,0],[0,1,1],[0,1,2],[0,1,4],[0,1,5],[0,2,0],[0,2,1],[0,2,2],[0,2,4],[0,2,5],[0,4,0],[0,4,1],[0,4,2],[0,4,4],[0,4,5],[0,5,0],[0,5,1],[0,5,2],[0,5,4],[0,5,5]]],[null,null,0,-9.8100004196167,3,8,1,0.200000002980232,8,100,360,0.200000002980232,0.75,0.5,0.00999999977648258,2,0.00999999977648258,1,1,1,1,1,0,[[0,0,0],[0,0,1],[0,0,2],[0,0,4],[0,0,5],[0,1,0],[0,1,1],[0,1,2],[0,1,4],[0,1,5],[0,2,0],[0,2,1],[0,2,2],[0,2,4],[0,2,5],[0,4,0],[0,4,1],[0,4,2],[0,4,4],[0,4,5],[0,5,0],[0,5,1],[0,5,2],[0,5,4],[0,5,5]]],[[[[],["Very Low","Low","Medium","High","Very High","Ultra"],0,0,0,0.300000011920929,1,15,0,1,0,0,0,0,0,1,2,4,0,0,0.333333343267441,0.0666666701436043,0.200000002980232,0.466666668653488,0,0,16,2,0,3,512,0,1,2,512,1,1024,0],[[],["Very Low","Low","Medium","High","Very High","Ultra"],0,0,0,0.400000005960464,1,20,0,1,0,0,0,0,0,0,2,16,0,0,0.333333343267441,0.0666666701436043,0.200000002980232,0.466666668653488,0,0,16,2,0,3,512,0,1,2,512,1,1024,1],[[],["Very Low","Low","Medium","High","Very High","Ultra"],1,1,0,0.699999988079071,1,20,0,1,0,0,0,0,0,0,2,64,1,0,0.333333343267441,0.0666666701436043,0.200000002980232,0.466666668653488,0,1,16,2,0,3,512,0,1,2,512,1,1024,2],[[],["Very Low","Low","Medium","High","Very High","Ultra"],2,1,0,1,2,40,1,1,1,0,1,0,0,0,2,256,2,1,0.333333343267441,0.0666666701436043,0.200000002980232,0.466666668653488,0,1,16,2,1,3,512,0,1,2,512,1,1024,3],[[],["Very Low","Low","Medium","High","Very High","Ultra"],2,2,2,1.5,2,70,1,1,2,1,1,0,0,0,2,1024,3,1,0.333333343267441,0.0666666701436043,0.200000002980232,0.466666668653488,0,1,16,2,1,3,512,0,1,2,512,1,1024,4],[[],["Very Low","Low","Medium","High","Very High","Ultra"],2,2,2,2,4,150,1,1,2,1,1,0,0,0,2,4096,4,1,0.333333343267441,0.0666666701436043,0.200000002980232,0.466666668653488,0,1,16,2,1,3,512,0,1,2,512,1,1024,5]],["Very Low","Low","Medium","High","Very High","Ultra"],2,2,2,2,4,150,1,1,2,1,1,0,0,0,2,4096,4,1,0.333333343267441,0.0666666701436043,0.200000002980232,0.466666668653488,0,1,16,2,1,3,512,0,1,2,512,1,1024,5],0,0,0,2,0,["Untagged","Respawn","Finish","EditorOnly","MainCamera","Player","GameController"]]}]}