{"materials":[{"id":768,"path":"Resources/unity_builtin_extra\\Default-Line","assetBundleId":-2,"data":["Default-Line",11,168,3000,0,[["_InvFade",1]],[],[["_MainTex_ST",1,1,0,0]],[["_MainTex",null,null]],[]]},{"id":560,"path":"Resources/unity_builtin_extra\\Sprites-Default","assetBundleId":-2,"data":["Sprites-Default",11,26,3000,0,[["PixelSnap",0],["_EnableExternalAlpha",0]],[["_Color",1,1,1,1],["_RendererColor",1,1,1,1]],[["_MainTex_ST",1,1,0,0],["_Flip",1,1,1,1],["_AlphaTex_ST",1,1,0,0]],[["_MainTex",null,null],["_AlphaTex",null,null]],[]]}],"shaders":[{"id":28,"assetBundleId":-2,"data":[[],"UI/Default",null,["UNITY_UI_ALPHACLIP","UNITY_UI_CLIP_RECT","STEREO_CUBEMAP_RENDER_ON","STEREO_INSTANCING_ON","STEREO_MULTIVIEW_ON","UNITY_SINGLE_PASS_STEREO","_"],[[0,0,"Default",0,"",0,[0,"unity_GUIZTestMode"],[0,null],[0,null],[[1,null],[10,null],[0,null]],[[1,null],[10,null],[0,null]],[0,"_ColorMask"],[0,null],[0,null],[0,"_Stencil"],[0,"_StencilReadMask"],[0,"_StencilWriteMask"],[[0,"_StencilOp"],[0,null],[0,null],[0,"_StencilComp"]],[[0,null],[0,null],[0,null],[8,null]],[[0,null],[0,null],[0,null],[8,null]],[["CanUseSpriteAtlas","true"],["IGNOREPROJECTOR","true"],["PreviewType","Plane"],["QUEUE","Transparent"],["RenderType","Transparent"]],["STEREO_CUBEMAP_RENDER_ON","STEREO_INSTANCING_ON","STEREO_MULTIVIEW_ON","UNITY_SINGLE_PASS_STEREO","UNITY_UI_ALPHACLIP","UNITY_UI_CLIP_RECT","_"],[],[[0,0,[],0,1,1,0],[0,0,["UNITY_UI_ALPHACLIP"],2,3,1,0]],[],0]],[],[["_MainTex",4,0,0,0,0,"white",2],["_Color",0,1,1,1,1,"",0],["_StencilComp",2,8,0,0,0,"",0],["_Stencil",2,0,0,0,0,"",0],["_StencilOp",2,0,0,0,0,"",0],["_StencilWriteMask",2,255,0,0,0,"",0],["_StencilReadMask",2,255,0,0,0,"",0],["_ColorMask",2,15,0,0,0,"",0],["_UseUIAlphaClip",2,0,0,0,0,"",0]],null,null,0,0,0]},{"id":26,"assetBundleId":-2,"data":[[],"Sprites/Default",null,["PIXELSNAP_ON","ETC1_EXTERNAL_ALPHA","INSTANCING_ON","STEREO_CUBEMAP_RENDER_ON","STEREO_INSTANCING_ON","STEREO_MULTIVIEW_ON","UNITY_SINGLE_PASS_STEREO","_","__"],[[0,0,"",0,"",0,[4,null],[0,null],[0,null],[[1,null],[10,null],[0,null]],[[1,null],[10,null],[0,null]],[15,null],[0,null],[0,null],[0,null],[255,null],[255,null],[[0,null],[0,null],[0,null],[8,null]],[[0,null],[0,null],[0,null],[8,null]],[[0,null],[0,null],[0,null],[8,null]],[["CanUseSpriteAtlas","true"],["IGNOREPROJECTOR","true"],["PreviewType","Plane"],["QUEUE","Transparent"],["RenderType","Transparent"]],["ETC1_EXTERNAL_ALPHA","INSTANCING_ON","PIXELSNAP_ON","STEREO_CUBEMAP_RENDER_ON","STEREO_INSTANCING_ON","STEREO_MULTIVIEW_ON","UNITY_SINGLE_PASS_STEREO","_","__"],[],[[0,0,[],4,5,1,0]],[],0]],[],[["_MainTex",4,0,0,0,0,"white",2],["_Color",0,1,1,1,1,"",0],["PixelSnap",2,0,0,0,0,"",0],["_RendererColor",0,1,1,1,1,"",1],["_Flip",1,1,1,1,1,"",1],["_AlphaTex",4,0,0,0,0,"white",2],["_EnableExternalAlpha",2,0,0,0,0,"",2]],null,null,0,0,0]},{"id":168,"assetBundleId":-2,"data":[[],"Legacy Shaders/Particles/Alpha Blended Premultiply",null,["SOFTPARTICLES_ON","STEREO_CUBEMAP_RENDER_ON","STEREO_INSTANCING_ON","STEREO_MULTIVIEW_ON","UNITY_SINGLE_PASS_STEREO","__"],[[0,0,"",0,"",0,[4,null],[0,null],[0,null],[[1,null],[10,null],[0,null]],[[1,null],[10,null],[0,null]],[14,null],[0,null],[0,null],[0,null],[255,null],[255,null],[[0,null],[0,null],[0,null],[8,null]],[[0,null],[0,null],[0,null],[8,null]],[[0,null],[0,null],[0,null],[8,null]],[["IGNOREPROJECTOR","true"],["PreviewType","Plane"],["QUEUE","Transparent"],["RenderType","Transparent"]],["SOFTPARTICLES_ON","STEREO_CUBEMAP_RENDER_ON","STEREO_INSTANCING_ON","STEREO_MULTIVIEW_ON","UNITY_SINGLE_PASS_STEREO","__"],[],[[0,0,[],6,7,1,0]],[],0]],[],[["_MainTex",4,0,0,0,0,"white",0],["_InvFade",3,1,0.00999999977648258,3,0,"",0]],null,null,0,0,0]},{"id":48,"assetBundleId":-2,"data":[[],"Hidden/BlitCopy",null,["STEREO_CUBEMAP_RENDER_ON","STEREO_INSTANCING_ON","STEREO_MULTIVIEW_ON","UNITY_SINGLE_PASS_STEREO"],[[0,0,"",0,"",0,[8,null],[0,null],[0,null],[[1,null],[0,null],[0,null]],[[1,null],[0,null],[0,null]],[15,null],[0,null],[0,null],[0,null],[255,null],[255,null],[[0,null],[0,null],[0,null],[8,null]],[[0,null],[0,null],[0,null],[8,null]],[[0,null],[0,null],[0,null],[8,null]],[],["STEREO_CUBEMAP_RENDER_ON","STEREO_INSTANCING_ON","STEREO_MULTIVIEW_ON","UNITY_SINGLE_PASS_STEREO"],[],[],[],0]],[],[["_MainTex",4,0,0,0,0,"",0],["_Color",0,1,1,1,1,"",0]],null,null,0,0,0]}],"resources":[{"id":0,"assetBundleId":-2,"data":[[["fonts & materials/lilitaone-regular sdf",12,26630],["fonts & materials/lilitaone-regular sdf",10,26628],["fonts & materials/lilitaone-regular",12,30702],["fonts & materials/lilitaone-regular",58,30678],["fonts & materials/lilitaone-regular sdf",9,26626],["unity_builtin_extra",11,168],["unity_builtin_extra",10,768],["unity_builtin_extra",11,26],["unity_builtin_extra",10,560],["unity_builtin_extra",11,28],["fonts & materials/liberationsans sdf",9,26604],["sprite assets/emojione",10,30790],["sprite assets/emojione",63,26592],["style sheets/default style sheet",64,26550],["linebreaking leading characters",60,30786],["linebreaking following characters",60,30788],["tmp settings",62,27018]],[30408,30406,30390,30406,30400,30406,30658,30406,30660,30406,30662,30406,30392,30406,30402,30406,30396,30406,120108,121504,30680,30406,30682,30406,30686,30406,30688,30406,30692,30406,-1289176,121504,30690,30406,-1289184,121504,30684,30406,-1289152,121504,-1289160,121504,-1289168,121504,119776,121504,-1290100,121504,-1290108,121504,-1290076,121504,-1290084,121504,-1290092,121504,30654,30406,30398,30406,-1290096,121504,-1290104,121504,-1290112,121504,30380,30378,30382,30378,30414,30378,30376,30378,122708,121504,30616,30378,-1291870,121504,-1291866,121504,30610,30378,30612,30378,30374,30378,-1291872,121504,121032,121504,-1289390,121504,-1289386,121504,-1289392,121504,120978,121504,-1287532,121504,-1287528,121504,-1287534,121504,122248,121504,-1288572,121504,-1288568,121504,-1288574,121504,120866,121504,-1291822,121504,-1291818,121504,-1291824,121504,122064,121504,-1286478,121504,-1286474,121504,-1286480,121504,119822,121504,-1291288,121504,-1291284,121504,-1291290,121504,119830,121504,-1289820,121504,-1289816,121504,-1289822,121504,120552,121504,-1287258,121504,-1287254,121504,-1287260,121504,121264,121504,-1291838,121504,-1291834,121504,-1291840,121504,122450,121504,-1291508,121504,-1291504,121504,-1291510,121504,122408,121504,-1290958,121504,-1290954,121504,-1290960,121504,122516,121504,-1292412,121504,-1292408,121504,-1292414,121504,120362,121504,-1288068,121504,-1288064,121504,-1288070,121504,121686,121504,-1288946,121504,-1288942,121504,-1288948,121504,121500,121504,-1291152,121504,-1291148,121504,-1291154,121504,119850,121504,-1288864,121504,-1288860,121504,-1288866,121504,120522,121504,-1288504,121504,-1288500,121504,-1288506,121504,121880,121504,122244,121504,-1287914,121504,-1287916,121504,120210,121504,-1290538,121504,-1290534,121504,-1290540,121504,121242,121504,-1289454,121504,-1289450,121504,-1289456,121504,121292,121504,-1288200,121504,-1288196,121504,-1288202,121504,121804,121504,-1288604,121504,-1288600,121504,-1288606,121504,122296,121504,121194,121504,-1286238,121504,-1286240,121504,120854,121504,122086,121504,-1287516,121504,-1287518,121504,122514,121504,122292,121504,-1288394,121504,-1288396,121504,121046,121504,121982,121504,-1286894,121504,-1286896,121504,120182,121504,120556,121504,-1287944,121504,-1287946,121504,121218,121504,120584,121504,-1288878,121504,-1288880,121504,121204,121504,120510,121504,-1290188,121504,-1290190,121504,120010,121504,121666,121504,-1288052,121504,-1288054,121504,121878,121504,119736,121504,-1289752,121504,-1289754,121504,122188,121504,120856,121504,-1289044,121504,-1289046,121504,120496,121504,122222,121504,-1287958,121504,-1287960,121504,120260,121504,119620,121504,-1288472,121504,-1288474,121504,120666,121504,120336,121504,-1286688,121504,-1286690,121504,122234,121504,-1293470,121504,-1293466,121504,-1293472,121504,121810,121504,-1289920,121504,-1289916,121504,-1289922,121504,121962,121504,-1291628,121504,-1291624,121504,-1291630,121504,121556,121504,-1287410,121504,-1287406,121504,-1287412,121504,122404,121504,-1293538,121504,-1293534,121504,-1293540,121504,119726,121504,-1289686,121504,-1289682,121504,-1289688,121504,121042,121504,-1289092,121504,-1289088,121504,-1289094,121504,119766,121504,-1287326,121504,-1287322,121504,-1287328,121504,121036,121504,-1288668,121504,-1288664,121504,-1288670,121504,122142,121504,-1286832,121504,-1286828,121504,-1286834,121504,120960,121504,-1286254,121504,-1286250,121504,-1286256,121504,120924,121504,-1287310,121504,-1287306,121504,-1287312,121504,119986,121504,-1292182,121504,-1292178,121504,-1292184,121504,122184,121504,-1293346,121504,-1293342,121504,-1293348,121504,121484,121504,-1289618,121504,-1289614,121504,-1289620,121504,120770,121504,-1291304,121504,-1291300,121504,-1291306,121504,119494,121504,-1288768,121504,-1288764,121504,-1288770,121504,122576,121504,-1293074,121504,-1293070,121504,-1293076,121504,119818,121504,-1289872,121504,-1289868,121504,-1289874,121504,122054,121504,-1287900,121504,-1287896,121504,-1287902,121504,120942,121504,-1286558,121504,-1286554,121504,-1286560,121504,120574,121504,-1286720,121504,-1286716,121504,-1286722,121504,119948,121504,-1292034,121504,-1292030,121504,-1292036,121504,121372,121504,-1291576,121504,-1291572,121504,-1291578,121504,119956,121504,-1287974,121504,-1287970,121504,-1287976,121504,121366,121504,-1286704,121504,-1286700,121504,-1286706,121504,122288,121504,-1291806,121504,-1291802,121504,-1291808,121504,119674,121504,-1290248,121504,-1290244,121504,-1290250,121504,122346,121504,-1292166,121504,-1292162,121504,-1292168,121504,120170,121504,-1289374,121504,-1289370,121504,-1289376,121504,121516,121504,-1288652,121504,-1288648,121504,-1288654,121504,120820,121504,-1291136,121504,-1291132,121504,-1291138,121504,119928,121504,-1286816,121504,-1286812,121504,-1286818,121504,121718,121504,-1291476,121504,-1291472,121504,-1291478,121504,121136,121504,-1289422,121504,-1289418,121504,-1289424,121504,120698,121504,-1288100,121504,-1288096,121504,-1288102,121504,120414,121504,-1293174,121504,-1293170,121504,-1293176,121504,120042,121504,-1288752,121504,-1288748,121504,-1288754,121504,119550,121504,-1290754,121504,-1290750,121504,-1290756,121504,122594,121504,-1291460,121504,-1291456,121504,-1291462,121504,121112,121504,-1286752,121504,-1286748,121504,-1286754,121504,119524,121504,-1290554,121504,-1290550,121504,-1290556,121504,119878,121504,-1290706,121504,-1290702,121504,-1290708,121504,120972,121504,-1286958,121504,-1286954,121504,-1286960,121504,119732,121504,-1286510,121504,-1286506,121504,-1286512,121504,121674,121504,-1293378,121504,-1293374,121504,-1293380,121504,122166,121504,-1287174,121504,-1287170,121504,-1287176,121504,120014,121504,-1287826,121504,-1287822,121504,-1287828,121504,121644,121504,-1288816,121504,-1288812,121504,-1288818,121504,120704,121504,-1293590,121504,-1293586,121504,-1293592,121504,120408,121504,-1287930,121504,-1287926,121504,-1287932,121504,119474,121504,-1291084,121504,-1291080,121504,-1291086,121504,121348,121504,-1290722,121504,-1290718,121504,-1290724,121504,120342,121504,-1287486,121504,-1287482,121504,-1287488,121504,121400,121504,-1293158,121504,-1293154,121504,-1293160,121504,120734,121504,-1289218,121504,-1289214,121504,-1289220,121504,121822,121504,-1286768,121504,-1286764,121504,-1286770,121504,121478,121504,-1292962,121504,-1292958,121504,-1292964,121504,120948,121504,-1290158,121504,-1290154,121504,-1290160,121504,121026,121504,-1292914,121504,-1292910,121504,-1292916,121504,120076,121504,-1290142,121504,-1290138,121504,-1290144,121504,121650,121504,-1293622,121504,-1293618,121504,-1293624,121504,122340,121504,-1292978,121504,-1292974,121504,-1292980,121504,119962,121504,-1289888,121504,-1289884,121504,-1289890,121504,122614,121504,-1290942,121504,-1290938,121504,-1290944,121504,120264,121504,-1289602,121504,-1289598,121504,-1289604,121504,119454,121504,-1290380,121504,-1290376,121504,-1290382,121504,121354,121504,-1292102,121504,-1292098,121504,-1292104,121504,121490,121504,-1289670,121504,-1289666,121504,-1289672,121504,121064,121504,-1286926,121504,-1286922,121504,-1286928,121504,119448,121504,-1286426,121504,-1286422,121504,-1286428,121504,122364,121504,-1292150,121504,-1292146,121504,-1292152,121504,119530,121504,-1290842,121504,-1290838,121504,-1290844,121504,119992,121504,-1287842,121504,-1287838,121504,-1287844,121504,119680,121504,-1289486,121504,-1289482,121504,-1289488,121504,121576,121504,-1291902,121504,-1291898,121504,-1291904,121504,120122,121504,-1292050,121504,-1292046,121504,-1292052,121504,121926,121504,-1290454,121504,-1290450,121504,-1290456,121504,122650,121504,-1288232,121504,-1288228,121504,-1288234,121504,121692,121504,-1288364,121504,-1288360,121504,-1288366,121504,121884,121504,-1289202,121504,-1289198,121504,-1289204,121504,122236,121504,121812,121504,121964,121504,121558,121504,122406,121504,119728,121504,121044,121504,119768,121504,121038,121504,122144,121504,120962,121504,120926,121504,119988,121504,122186,121504,121486,121504,120772,121504,119496,121504,122578,121504,119820,121504,122056,121504,120944,121504,120576,121504,119950,121504,121374,121504,119958,121504,121368,121504,122290,121504,119676,121504,122348,121504,120172,121504,121518,121504,120822,121504,119930,121504,121720,121504,121138,121504,120700,121504,120416,121504,120044,121504,119552,121504,122596,121504,121114,121504,119526,121504,119880,121504,120974,121504,119734,121504,121676,121504,122168,121504,120016,121504,121646,121504,120706,121504,120410,121504,119476,121504,121350,121504,120344,121504,121402,121504,120736,121504,121824,121504,121480,121504,120950,121504,121028,121504,120078,121504,121652,121504,122342,121504,119964,121504,122616,121504,120266,121504,119456,121504,121356,121504,121492,121504,121066,121504,119450,121504,122366,121504,119532,121504,119994,121504,119682,121504,121578,121504,120124,121504,121928,121504,122652,121504,121694,121504,121886,121504,122570,121504,-1288894,121504,-1288890,121504,-1288896,121504,122626,121504,-1288248,121504,-1288244,121504,-1288250,121504,121142,121504,-1287564,121504,-1287560,121504,-1287566,121504,122414,121504,-1293222,121504,-1293218,121504,-1293224,121504,120316,121504,-1290606,121504,-1290602,121504,-1290608,121504,120472,121504,-1290438,121504,-1290434,121504,-1290440,121504,122492,121504,-1290658,121504,-1290654,121504,-1290660,121504,119998,121504,-1288410,121504,-1288406,121504,-1288412,121504,121254,121504,-1286848,121504,-1286844,121504,-1286850,121504,122240,121504,-1289406,121504,-1289402,121504,-1289408,121504,120216,121504,-1286494,121504,-1286490,121504,-1286496,121504,121130,121504,-1291320,121504,-1291316,121504,-1291322,121504,122228,121504,-1292930,121504,-1292926,121504,-1292932,121504,120802,121504,-1288296,121504,-1288292,121504,-1288298,121504,121388,121504,-1291336,121504,-1291332,121504,-1291338,121504,121276,121504,-1291918,121504,-1291914,121504,-1291920,121504,119858,121504,-1287226,121504,-1287222,121504,-1287228,121504,119742,121504,-1288458,121504,-1288454,121504,-1288460,121504,119616,121504,-1291934,121504,-1291930,121504,-1291936,121504,119974,121504,-1293010,121504,-1293006,121504,-1293012,121504,121680,121504,-1289014,121504,-1289010,121504,-1289016,121504,120478,121504,-1288280,121504,-1288276,121504,-1288282,121504,122124,121504,-1292360,121504,-1292356,121504,-1292362,121504,120790,121504,-1292470,121504,-1292466,121504,-1292472,121504,119940,121504,-1290036,121504,-1290032,121504,-1290038,121504,120310,121504,-1289438,121504,-1289434,121504,-1289440,121504,119640,121504,-1292328,121504,-1292324,121504,-1292330,121504,121836,121504,-1289470,121504,-1289466,121504,-1289472,121504,121466,121504,-1289076,121504,-1289072,121504,-1289078,121504,122034,121504,-1292898,121504,-1292894,121504,-1292900,121504,119442,121504,-1293606,121504,-1293602,121504,-1293608,121504,122682,121504,-1289586,121504,-1289582,121504,-1289588,121504,120832,121504,-1288184,121504,-1288180,121504,-1288186,121504,121816,121504,-1290364,121504,-1290360,121504,-1290366,121504,119610,121504,-1290348,121504,-1290344,121504,-1290350,121504,119980,121504,-1289968,121504,-1289964,121504,-1289970,121504,119668,121504,-1289904,121504,-1289900,121504,-1289906,121504,121988,121504,-1289060,121504,-1289056,121504,-1289062,121504,120634,121504,-1286880,121504,-1286876,121504,-1286882,121504,122370,121504,-1291966,121504,-1291962,121504,-1291968,121504,120954,121504,-1293042,121504,-1293038,121504,-1293044,121504,119506,121504,-1293438,121504,-1293434,121504,-1293440,121504,120020,121504,-1292558,121504,-1292554,121504,-1292560,121504,122136,121504,-1287768,121504,-1287764,121504,-1287770,121504,122552,121504,-1288848,121504,-1288844,121504,-1288850,121504,120378,121504,-1292814,121504,-1292810,121504,-1292816,121504,121932,121504,-1291854,121504,-1291850,121504,-1291856,121504,122564,121504,-1293142,121504,-1293138,121504,-1293144,121504,121406,121504,-1290174,121504,-1290170,121504,-1290176,121504,121320,121504,-1291686,121504,-1291682,121504,-1291688,121504,121772,121504,-1288264,121504,-1288260,121504,-1288266,121504,122662,121504,-1290738,121504,-1290734,121504,-1290740,121504,119480,121504,-1288784,121504,-1288780,121504,-1288786,121504,120164,121504,-1286736,121504,-1286732,121504,-1286738,121504,120936,121504,-1287716,121504,-1287712,121504,-1287718,121504,121862,121504,-1289936,121504,-1289932,121504,-1289938,121504,119902,121504,-1291886,121504,-1291882,121504,-1291888,121504,120710,121504,-1293206,121504,-1293202,121504,-1293208,121504,120814,121504,-1288426,121504,-1288422,121504,-1288428,121504,120102,121504,-1287502,121504,-1287498,121504,-1287504,121504,122528,121504,-1289502,121504,-1289498,121504,-1289504,121504,121914,121504,-1288216,121504,-1288212,121504,-1288218,121504,121542,121504,-1293454,121504,-1293450,121504,-1293456,121504,120826,121504,-1289234,121504,-1289230,121504,-1289236,121504,121248,121504,-1286542,121504,-1286538,121504,-1286544,121504,121472,121504,-1290068,121504,-1290064,121504,-1290070,121504,119772,121504,-1291738,121504,-1291734,121504,-1291740,121504,119748,121504,-1292994,121504,-1292990,121504,-1292996,121504,120796,121504,-1290332,121504,-1290328,121504,-1290334,121504,121766,121504,-1287548,121504,-1287544,121504,-1287550,121504,120782,121504,-1288380,121504,-1288376,121504,-1288382,121504,119922,121504,-1292882,121504,-1292878,121504,-1292884,121504,120134,121504,-1287990,121504,-1287986,121504,-1287992,121504,121148,121504,-1290052,121504,-1290048,121504,-1290054,121504,120930,121504,-1289702,121504,-1289698,121504,-1289704,121504,122546,121504,-1290674,121504,-1290670,121504,-1290676,121504,122160,121504,-1293058,121504,-1293054,121504,-1293060,121504,120628,121504,-1287010,121504,-1287006,121504,-1287012,121504,121656,121504,-1291068,121504,-1291064,121504,-1291070,121504,122274,121504,-1290974,121504,-1290970,121504,-1290976,121504,119564,121504,-1288736,121504,-1288732,121504,-1288738,121504,122572,121504,122628,121504,121144,121504,122416,121504,120318,121504,120474,121504,122494,121504,120000,121504,121256,121504,122242,121504,120218,121504,121132,121504,122230,121504,120804,121504,121390,121504,121278,121504,119860,121504,119744,121504,119618,121504,119976,121504,121682,121504,120480,121504,122126,121504,120792,121504,119942,121504,120312,121504,119642,121504,121838,121504,121468,121504,122036,121504,119444,121504,122684,121504,120834,121504,121818,121504,119612,121504,119982,121504,119670,121504,121990,121504,120636,121504,122372,121504,120956,121504,119508,121504,120022,121504,122138,121504,122554,121504,120380,121504,121934,121504,122566,121504,121408,121504,121322,121504,121774,121504,122664,121504,119482,121504,120166,121504,120938,121504,121864,121504,119904,121504,120712,121504,120816,121504,120104,121504,122530,121504,121916,121504,121544,121504,120828,121504,121250,121504,121474,121504,119774,121504,119750,121504,120798,121504,121768,121504,120784,121504,119924,121504,120136,121504,121150,121504,120932,121504,122548,121504,122162,121504,120630,121504,121658,121504,122276,121504,119566,121504,119788,121504,-1286628,121504,-1286636,121504,-1286604,121504,-1286612,121504,-1286620,121504,-1286624,121504,-1286632,121504,-1286640,121504,119686,121504,-1293412,121504,-1293420,121504,-1293388,121504,-1293396,121504,-1293404,121504,-1293408,121504,-1293416,121504,-1293424,121504,119460,121504,-1287444,121504,-1287452,121504,-1287420,121504,-1287428,121504,-1287436,121504,-1287440,121504,-1287448,121504,-1287456,121504,120428,121504,-1287874,121504,-1287882,121504,-1287850,121504,-1287858,121504,-1287866,121504,-1287870,121504,-1287878,121504,-1287886,121504,121050,121504,-1291660,121504,-1291668,121504,-1291636,121504,-1291644,121504,-1291652,121504,-1291656,121504,-1291664,121504,-1291672,121504,119864,121504,-1292444,121504,-1292452,121504,-1292420,121504,-1292428,121504,-1292436,121504,-1292440,121504,-1292448,121504,-1292456,121504,121412,121504,-1288636,121504,-1288632,121504,-1288638,121504,122376,121504,-1287114,121504,-1287110,121504,-1287116,121504,121228,121504,-1286302,121504,-1286298,121504,-1286304,121504,121260,121504,-1292654,121504,-1292650,121504,-1292656,121504,122608,121504,-1286942,121504,-1286938,121504,-1286944,121504,120838,121504,-1287648,121504,-1287644,121504,-1287650,121504,121828,121504,-1288800,121504,-1288796,121504,-1288802,121504,121282,121504,-1291524,121504,-1291520,121504,-1291526,121504,119512,121504,-1289518,121504,-1289514,121504,-1289520,121504,122558,121504,-1290020,121504,-1290016,121504,-1290022,121504,120444,121504,-1291272,121504,-1291268,121504,-1291274,121504,122016,121504,-1286864,121504,-1286860,121504,-1286866,121504,122130,121504,-1288832,121504,-1288828,121504,-1288834,121504,121662,121504,-1286270,121504,-1286266,121504,-1286272,121504,122358,121504,-1287342,121504,-1287338,121504,-1287344,121504,120506,121504,-1288084,121504,-1288080,121504,-1288086,121504,119518,121504,-1288620,121504,-1288616,121504,-1288622,121504,122040,121504,-1292344,121504,-1292340,121504,-1292346,121504,120590,121504,-1287242,121504,-1287238,121504,-1287244,121504,122328,121504,-1288312,121504,-1288308,121504,-1288314,121504,121360,121504,-1291492,121504,-1291488,121504,-1291494,121504,122696,121504,-1290874,121504,-1290870,121504,-1290876,121504,121740,121504,-1290280,121504,-1290276,121504,-1290282,121504,122540,121504,-1288488,121504,-1288484,121504,-1288490,121504,122620,121504,-1288720,121504,-1288716,121504,-1288722,121504,122582,121504,-1290506,121504,-1290502,121504,-1290508,121504,121270,121504,-1289108,121504,-1289104,121504,-1289110,121504,119576,121504,-1287470,121504,-1287466,121504,-1287472,121504,122442,121504,-1286910,121504,-1286906,121504,-1286912,121504,121594,121504,-1290126,121504,-1290122,121504,-1290128,121504,121908,121504,-1286784,121504,-1286780,121504,-1286786,121504,121222,121504,-1289952,121504,-1289948,121504,-1289954,121504,122300,121504,-1288588,121504,-1288584,121504,-1288590,121504,120256,121504,-1290690,121504,-1290686,121504,-1290692,121504,119646,121504,-1293522,121504,-1293518,121504,-1293524,121504,121342,121504,-1286800,121504,-1286796,121504,-1286802,121504,121414,121504,122378,121504,121230,121504,121262,121504,122610,121504,120840,121504,121830,121504,121284,121504,119514,121504,122560,121504,120446,121504,122018,121504,122132,121504,121664,121504,122360,121504,120508,121504,119520,121504,122042,121504,120592,121504,122330,121504,121362,121504,122698,121504,121742,121504,122542,121504,122622,121504,122584,121504,121272,121504,119578,121504,122444,121504,121596,121504,121910,121504,121224,121504,122302,121504,120258,121504,119648,121504,121344,121504,30492,30490,30750,30490,30752,30490,30754,30490,30756,30490,30758,30490,30760,30490,30762,30490,122076,119426,30770,30490,30502,30490,30772,30490,30508,30490,30766,30490,30496,30490,30768,30490,30498,30490,30512,30490,30482,30490,-1287354,119426,-1287362,119426,-1287370,119426,-1287378,119426,-1287386,119426,-1287394,119426,30484,30490,30486,30490,120384,121504,-1291168,121504,-1291164,121504,121706,121504,-1292118,121504,-1292114,121504,-1292120,121504,122216,121504,-1287580,121504,-1287576,121504,-1287582,121504,120500,121504,-1288168,121504,-1288164,121504,-1288170,121504,119908,121504,-1287664,121504,-1287660,121504,-1287666,121504,121334,121504,-1289030,121504,-1289026,121504,-1289032,121504,120420,121504,-1293026,121504,-1293022,121504,-1293028,121504,121200,121504,-1293362,121504,-1293358,121504,-1293364,121504,122154,121504,-1288038,121504,-1288034,121504,-1288040,121504,121712,121504,-1290264,121504,-1290260,121504,-1290266,121504,122148,121504,-1286286,121504,-1286282,121504,-1286288,121504,119934,121504,-1292946,121504,-1292942,121504,-1292948,121504,119708,121504,-1288006,121504,-1288002,121504,-1288008,121504,120222,121504,-1288022,121504,-1288018,121504,-1288024,121504,120228,121504,-1289322,121504,-1289318,121504,-1289324,121504,119840,121504,-1286526,121504,-1286522,121504,-1286528,121504,119500,121504,-1290858,121504,-1290854,121504,-1290860,121504,121496,121504,-1291790,121504,-1291786,121504,-1291792,121504,122028,121504,-1288556,121504,-1288552,121504,-1288558,121504,120608,121504,-1293190,121504,-1293186,121504,-1293192,121504,122534,121504,-1287098,121504,-1287094,121504,-1287100,121504,122426,121504,-1293090,121504,-1293086,121504,-1293092,121504,120862,121504,-1292276,121504,-1292272,121504,-1292278,121504,122638,121504,-1288442,121504,-1288438,121504,-1288444,121504,120058,121504,-1291950,121504,-1291946,121504,-1291952,121504,121724,121504,-1290522,121504,-1290518,121504,-1290524,121504,122668,121504,-1288962,121504,-1288958,121504,-1288964,121504,122476,121504,-1289768,121504,-1289764,121504,-1289770,121504,122522,121504,-1287596,121504,-1287592,121504,-1287598,121504,119570,121504,-1289534,121504,-1289530,121504,-1289536,121504,120528,121504,-1292134,121504,-1292130,121504,-1292136,121504,121442,121504,-1291184,121504,-1291180,121504,-1291186,121504,121170,121504,-1292866,121504,-1292862,121504,-1292868,121504,120692,121504,-1290926,121504,-1290922,121504,-1290928,121504,119890,121504,-1288116,121504,-1288112,121504,-1288118,121504,121154,121504,-1292018,121504,-1292014,121504,-1292020,121504,121420,121504,-1287148,121504,-1287156,121504,-1287124,121504,-1287132,121504,-1287140,121504,-1287144,121504,-1287152,121504,-1287160,121504,119714,121504,-1292592,121504,-1292600,121504,-1292568,121504,-1292576,121504,-1292584,121504,-1292588,121504,-1292596,121504,-1292604,121504,122172,121504,-1290222,121504,-1290230,121504,-1290198,121504,-1290206,121504,-1290214,121504,-1290218,121504,-1290226,121504,-1290234,121504,120678,121504,-1292214,121504,-1292222,121504,-1292190,121504,-1292198,121504,-1292206,121504,-1292210,121504,-1292218,121504,-1292226,121504,120082,121504,-1290412,121504,-1290420,121504,-1290388,121504,-1290396,121504,-1290404,121504,-1290408,121504,-1290416,121504,-1290424,121504,120640,121504,-1291042,121504,-1291050,121504,-1291018,121504,-1291026,121504,-1291034,121504,-1291038,121504,-1291046,121504,-1291054,121504,121708,121504,120386,121504,122218,121504,120502,121504,119910,121504,121336,121504,120422,121504,121202,121504,122156,121504,121714,121504,122150,121504,119936,121504,119710,121504,120224,121504,120230,121504,119842,121504,119502,121504,121498,121504,122030,121504,120610,121504,122536,121504,122428,121504,120864,121504,122640,121504,120060,121504,121726,121504,122670,121504,122478,121504,122524,121504,119572,121504,120530,121504,121444,121504,121172,121504,120694,121504,119892,121504,121156,121504,-1291170,121504,30422,30420,30624,30420,30626,30420,30628,30420,30632,30420,30636,30420,30630,30420,120096,121504,30650,30420,30642,30420,30644,30420,30646,30420,30648,30420,-1290768,121504,-1290776,121504,-1290788,121504,30618,30420,30620,30420,30424,30420,-1290772,121504,-1290790,121504,-1290782,121504,30622,30420,119846,121504,-1290804,121504,-1290812,121504,-1290824,121504,-1290808,121504,-1290826,121504,-1290818,121504,120896,121504,-1287730,121504,-1287738,121504,-1287750,121504,-1287734,121504,-1287752,121504,-1287744,121504,122498,121504,-1291980,121504,-1291988,121504,-1292000,121504,-1291984,121504,-1292002,121504,-1291994,121504,122210,121504,-1286572,121504,-1286580,121504,-1286592,121504,-1286576,121504,-1286594,121504,-1286586,121504,119884,121504,-1289284,121504,-1289292,121504,-1289304,121504,-1289288,121504,-1289306,121504,-1289298,121504,121600,121504,-1287610,121504,-1287618,121504,-1287630,121504,-1287614,121504,-1287632,121504,-1287624,121504,121752,121504,-1291098,121504,-1291106,121504,-1291118,121504,-1291102,121504,-1291120,121504,-1291112,121504,121746,121504,-1286440,121504,-1286448,121504,-1286460,121504,-1286444,121504,-1286462,121504,-1286454,121504,120776,121504,-1288130,121504,-1288138,121504,-1288150,121504,-1288134,121504,-1288152,121504,-1288144,121504,119628,121504,-1288908,121504,-1288916,121504,-1288928,121504,-1288912,121504,-1288930,121504,-1288922,121504,122006,121504,-1287188,121504,-1287196,121504,-1287208,121504,-1287192,121504,-1287210,121504,-1287202,121504,119968,121504,-1293308,121504,-1293316,121504,-1293328,121504,-1293312,121504,-1293330,121504,-1293322,121504,121920,121504,-1287060,121504,-1287068,121504,-1287080,121504,-1287064,121504,-1287082,121504,-1287074,121504,121760,121504,-1286316,121504,-1286324,121504,-1286336,121504,-1286320,121504,-1286338,121504,-1286330,121504,121326,121504,-1290888,121504,-1290896,121504,-1290908,121504,-1290892,121504,-1290910,121504,-1290902,121504,119596,121504,-1291590,121504,-1291598,121504,-1291610,121504,-1291594,121504,-1291612,121504,-1291604,121504,120966,121504,-1293272,121504,-1293280,121504,-1293292,121504,-1293276,121504,-1293294,121504,-1293286,121504,121460,121504,-1289716,121504,-1289724,121504,-1289736,121504,-1289720,121504,-1289738,121504,-1289730,121504,121394,121504,-1292828,121504,-1292836,121504,-1292848,121504,-1292832,121504,-1292850,121504,-1292842,121504,120614,121504,-1293484,121504,-1293492,121504,-1293504,121504,-1293488,121504,-1293506,121504,-1293498,121504,120128,121504,-1286652,121504,-1286660,121504,-1286672,121504,-1286656,121504,-1286674,121504,-1286666,121504,121006,121504,-1291700,121504,-1291708,121504,-1291720,121504,-1291704,121504,-1291722,121504,-1291714,121504,121306,121504,-1292484,121504,-1292492,121504,-1292504,121504,-1292488,121504,-1292506,121504,-1292498,121504,121124,121504,-1292776,121504,-1292784,121504,-1292796,121504,-1292780,121504,-1292798,121504,-1292790,121504,122390,121504,-1288976,121504,-1288984,121504,-1288996,121504,-1288980,121504,-1288998,121504,-1288990,121504,122632,121504,-1286972,121504,-1286980,121504,-1286992,121504,-1286976,121504,-1286994,121504,-1286986,121504,120286,121504,-1290620,121504,-1290628,121504,-1290640,121504,-1290624,121504,-1290642,121504,-1290634,121504,121570,121504,-1289632,121504,-1289640,121504,-1289652,121504,-1289636,121504,-1289654,121504,-1289646,121504,122060,121504,-1293104,121504,-1293112,121504,-1293124,121504,-1293108,121504,-1293126,121504,-1293118,121504,121208,121504,-1292064,121504,-1292072,121504,-1292084,121504,-1292068,121504,-1292086,121504,-1292078,121504,120026,121504,-1292290,121504,-1292298,121504,-1292310,121504,-1292294,121504,-1292312,121504,-1292304,121504,122204,121504,-1289982,121504,-1289990,121504,-1290002,121504,-1289986,121504,-1290004,121504,-1289996,121504,120580,121504,-1290468,121504,-1290476,121504,-1290488,121504,-1290472,121504,-1290490,121504,-1290482,121504,120292,121504,-1287272,121504,-1287280,121504,-1287292,121504,-1287276,121504,-1287294,121504,-1287286,121504,120450,121504,-1293236,121504,-1293244,121504,-1293256,121504,-1293240,121504,-1293258,121504,-1293250,121504,122262,121504,-1286352,121504,-1286360,121504,-1286372,121504,-1286356,121504,-1286374,121504,-1286366,121504,121214,121504,-1292238,121504,-1292246,121504,-1292258,121504,-1292242,121504,-1292260,121504,-1292252,121504,122432,121504,-1291198,121504,-1291206,121504,-1291218,121504,-1291202,121504,-1291220,121504,-1291212,121504,120724,121504,-1291422,121504,-1291430,121504,-1291442,121504,-1291426,121504,-1291444,121504,-1291436,121504,121978,121504,-1292668,121504,-1292676,121504,-1292688,121504,-1292672,121504,-1292690,121504,-1292682,121504,122656,121504,-1293552,121504,-1293560,121504,-1293572,121504,-1293556,121504,-1293574,121504,-1293566,121504,121536,121504,-1292374,121504,-1292382,121504,-1292394,121504,-1292378,121504,-1292396,121504,-1292388,121504,122000,121504,-1290568,121504,-1290576,121504,-1290588,121504,-1290572,121504,-1290590,121504,-1290582,121504,122322,121504,-1287024,121504,-1287032,121504,-1287044,121504,-1287028,121504,-1287046,121504,-1287038,121504,119896,121504,-1291234,121504,-1291242,121504,-1291254,121504,-1291238,121504,-1291256,121504,-1291248,121504,120158,121504,-1289782,121504,-1289790,121504,-1289802,121504,-1289786,121504,-1289804,121504,-1289796,121504,121288,121504,-1290988,121504,-1290996,121504,-1291008,121504,-1290992,121504,-1291010,121504,-1291002,121504,122316,121504,-1288518,121504,-1288526,121504,-1288538,121504,-1288522,121504,-1288540,121504,-1288532,121504,120764,121504,-1291350,121504,-1291358,121504,-1291370,121504,-1291354,121504,-1291372,121504,-1291364,121504,122384,121504,-1290294,121504,-1290302,121504,-1290314,121504,-1290298,121504,-1290316,121504,-1290308,121504,121994,121504,-1286388,121504,-1286396,121504,-1286408,121504,-1286392,121504,-1286410,121504,-1286402,121504,121378,121504,-1288326,121504,-1288334,121504,-1288346,121504,-1288330,121504,-1288348,121504,-1288340,121504,121582,121504,-1291386,121504,-1291394,121504,-1291406,121504,-1291390,121504,-1291408,121504,-1291400,121504,120872,121504,-1291752,121504,-1291760,121504,-1291772,121504,-1291756,121504,-1291774,121504,-1291766,121504,121522,121504,-1289548,121504,-1289556,121504,-1289568,121504,-1289552,121504,-1289570,121504,-1289562,121504,121638,121504,-1292740,121504,-1292748,121504,-1292760,121504,-1292744,121504,-1292762,121504,-1292754,121504,122082,121504,-1289336,121504,-1289344,121504,-1289356,121504,-1289340,121504,-1289358,121504,-1289350,121504,120140,121504,-1292616,121504,-1292624,121504,-1292636,121504,-1292620,121504,-1292638,121504,-1292630,121504,119634,121504,-1287678,121504,-1287686,121504,-1287698,121504,-1287682,121504,-1287700,121504,-1287692,121504,121588,121504,-1289122,121504,-1289130,121504,-1289142,121504,-1289126,121504,-1289144,121504,-1289136,121504,122352,121504,-1291538,121504,-1291546,121504,-1291558,121504,-1291542,121504,-1291560,121504,-1291552,121504,122420,121504,-1292520,121504,-1292528,121504,-1292540,121504,-1292524,121504,-1292542,121504,-1292534,121504,121856,121504,-1289248,121504,-1289256,121504,-1289268,121504,-1289252,121504,-1289270,121504,-1289262,121504,122334,121504,-1289834,121504,-1289842,121504,-1289854,121504,-1289838,121504,-1289856,121504,-1289848,121504,122644,121504,-1288682,121504,-1288690,121504,-1288702,121504,-1288686,121504,-1288704,121504,-1288696,121504,121184,121504,-1292704,121504,-1292712,121504,-1292724,121504,-1292708,121504,-1292726,121504,-1292718,121504,120098,121504,119848,121504,120898,121504,122500,121504,122212,121504,119886,121504,121602,121504,121754,121504,121748,121504,120778,121504,119630,121504,122008,121504,119970,121504,121922,121504,121762,121504,121328,121504,119598,121504,120968,121504,121462,121504,121396,121504,120616,121504,120130,121504,121008,121504,121308,121504,121126,121504,122392,121504,122634,121504,120288,121504,121572,121504,122062,121504,121210,121504,120028,121504,122206,121504,120582,121504,120294,121504,120452,121504,122264,121504,121216,121504,122434,121504,120726,121504,121980,121504,122658,121504,121538,121504,122002,121504,122324,121504,119898,121504,120160,121504,121290,121504,122318,121504,120766,121504,122386,121504,121996,121504,121380,121504,121584,121504,120874,121504,121524,121504,121640,121504,122084,121504,120142,121504,119636,121504,121590,121504,122354,121504,122422,121504,121858,121504,122336,121504,122646,121504,121186,121504,122710,121504,121416,121504,120980,121504,122250,121504,120868,121504,122066,121504,119824,121504,119832,121504,120554,121504,121266,121504,122452,121504,122410,121504,122518,121504,120364,121504,121688,121504,121502,121504,119852,121504,120524,121504,122246,121504,120212,121504,121244,121504,121294,121504,121806,121504,121196,121504,122088,121504,122294,121504,121984,121504,120558,121504,120586,121504,120512,121504,121668,121504,119738,121504,120858,121504,122224,121504,119622,121504,120338,121504,120242,121504,-1287800,121504,-1287808,121504,-1287776,121504,-1287784,121504,-1287792,121504,-1287796,121504,-1287804,121504,-1287812,121504,-1289172,121504,-1289180,121504,-1289188,121504,120118,121504,119780,121504,120252,121504,119874,121504,120438,121504,121060,121504,120650,121504,120688,121504,120092,121504]]}],"project-settings":[{"id":-1,"assetBundleId":-2,"data":[[["UnityEngine.U2D.CinemachinePixelPerfect",-1],["UnityEngine.EventSystems.EventSystem",-1000],["UnityEngine.UI.ToggleGroup",10],["TMPro.TextMeshPro",-105],["TMPro.TextMeshProUGUI",-100],["TMPro.TextContainer",-110]],[[0,"Default",0]],[[0,"Default"],[1,"TransparentFX"],[2,"Ignore Raycast"],[4,"Water"],[5,"UI"]],[0.0199999921023846,0.333333343267441,1,0.0299999993294477],[0,-9.8100004196167,0,6,2,0,1,[[0,0,0],[0,0,1],[0,0,2],[0,0,4],[0,0,5],[0,1,0],[0,1,1],[0,1,2],[0,1,4],[0,1,5],[0,2,0],[0,2,1],[0,2,2],[0,2,4],[0,2,5],[0,4,0],[0,4,1],[0,4,2],[0,4,4],[0,4,5],[0,5,0],[0,5,1],[0,5,2],[0,5,4],[0,5,5]]],[null,null,0,-9.8100004196167,3,8,1,0.200000002980232,8,100,360,0.200000002980232,0.75,0.5,0.00999999977648258,2,0.00999999977648258,1,1,1,1,1,0,[[0,0,0],[0,0,1],[0,0,2],[0,0,4],[0,0,5],[0,1,0],[0,1,1],[0,1,2],[0,1,4],[0,1,5],[0,2,0],[0,2,1],[0,2,2],[0,2,4],[0,2,5],[0,4,0],[0,4,1],[0,4,2],[0,4,4],[0,4,5],[0,5,0],[0,5,1],[0,5,2],[0,5,4],[0,5,5]]],[[[[],["Very Low","Low","Medium","High","Very High","Ultra"],0,0,0,0.300000011920929,1,15,0,1,0,0,0,0,0,1,2,4,0,0,0.333333343267441,0.0666666701436043,0.200000002980232,0.466666668653488,0,0,16,2,0,3,512,0,1,2,512,1,1024,0],[[],["Very Low","Low","Medium","High","Very High","Ultra"],0,0,0,0.400000005960464,1,20,0,1,0,0,0,0,0,0,2,16,0,0,0.333333343267441,0.0666666701436043,0.200000002980232,0.466666668653488,0,0,16,2,0,3,512,0,1,2,512,1,1024,1],[[],["Very Low","Low","Medium","High","Very High","Ultra"],1,1,0,0.699999988079071,1,20,0,1,0,0,0,0,0,0,2,64,1,0,0.333333343267441,0.0666666701436043,0.200000002980232,0.466666668653488,0,1,16,2,0,3,512,0,1,2,512,1,1024,2],[[],["Very Low","Low","Medium","High","Very High","Ultra"],2,1,0,1,2,40,1,1,1,0,1,0,0,0,2,256,2,1,0.333333343267441,0.0666666701436043,0.200000002980232,0.466666668653488,0,1,16,2,1,3,512,0,1,2,512,1,1024,3],[[],["Very Low","Low","Medium","High","Very High","Ultra"],2,2,2,1.5,2,70,1,1,2,1,1,0,0,0,2,1024,3,1,0.333333343267441,0.0666666701436043,0.200000002980232,0.466666668653488,0,1,16,2,1,3,512,0,1,2,512,1,1024,4],[[],["Very Low","Low","Medium","High","Very High","Ultra"],2,2,2,2,4,150,1,1,2,1,1,0,0,0,2,4096,4,1,0.333333343267441,0.0666666701436043,0.200000002980232,0.466666668653488,0,1,16,2,1,3,512,0,1,2,512,1,1024,5]],["Very Low","Low","Medium","High","Very High","Ultra"],2,2,2,2,4,150,1,1,2,1,1,0,0,0,2,4096,4,1,0.333333343267441,0.0666666701436043,0.200000002980232,0.466666668653488,0,1,16,2,1,3,512,0,1,2,512,1,1024,5],0,0,0,2,0,["Untagged","Respawn","Finish","EditorOnly","MainCamera","Player","GameController"]]}]}