{"materials":[{"id":560,"path":"Resources/unity_builtin_extra\\Sprites-Default","assetBundleId":-2,"data":["Sprites-Default",11,26,3000,0,[["PixelSnap",0],["_EnableExternalAlpha",0]],[["_Color",1,1,1,1],["_RendererColor",1,1,1,1]],[["_MainTex_ST",1,1,0,0],["_Flip",1,1,1,1],["_AlphaTex_ST",1,1,0,0]],[["_MainTex",null,null],["_AlphaTex",null,null]],[]]},{"id":774,"path":"Resources/unity_builtin_extra\\Default-Line","assetBundleId":-2,"data":["Default-Line",11,168,3000,0,[["_InvFade",1]],[],[["_MainTex_ST",1,1,0,0]],[["_MainTex",null,null]],[]]}],"shaders":[{"id":26,"assetBundleId":-2,"data":[[],"Sprites/Default",null,["PIXELSNAP_ON","ETC1_EXTERNAL_ALPHA","INSTANCING_ON","STEREO_CUBEMAP_RENDER_ON","STEREO_INSTANCING_ON","STEREO_MULTIVIEW_ON","UNITY_SINGLE_PASS_STEREO","_","__"],[[0,0,"",0,"",0,[4,null],[0,null],[0,null],[[1,null],[10,null],[0,null]],[[1,null],[10,null],[0,null]],[15,null],[0,null],[0,null],[0,null],[255,null],[255,null],[[0,null],[0,null],[0,null],[8,null]],[[0,null],[0,null],[0,null],[8,null]],[[0,null],[0,null],[0,null],[8,null]],[["CanUseSpriteAtlas","true"],["IGNOREPROJECTOR","true"],["PreviewType","Plane"],["QUEUE","Transparent"],["RenderType","Transparent"]],["ETC1_EXTERNAL_ALPHA","INSTANCING_ON","PIXELSNAP_ON","STEREO_CUBEMAP_RENDER_ON","STEREO_INSTANCING_ON","STEREO_MULTIVIEW_ON","UNITY_SINGLE_PASS_STEREO","_","__"],[],[[0,0,[],0,1,0,0],[0,0,[],2,3,1,0]],[],0]],[],[["_MainTex",4,0,0,0,0,"white",2],["_Color",0,1,1,1,1,"",0],["PixelSnap",2,0,0,0,0,"",0],["_RendererColor",0,1,1,1,1,"",1],["_Flip",1,1,1,1,1,"",1],["_AlphaTex",4,0,0,0,0,"white",2],["_EnableExternalAlpha",2,0,0,0,0,"",2]],null,null,0,0,0]},{"id":168,"assetBundleId":-2,"data":[[],"Legacy Shaders/Particles/Alpha Blended Premultiply",null,["SOFTPARTICLES_ON","STEREO_CUBEMAP_RENDER_ON","STEREO_INSTANCING_ON","STEREO_MULTIVIEW_ON","UNITY_SINGLE_PASS_STEREO","__"],[[0,0,"",0,"",0,[4,null],[0,null],[0,null],[[1,null],[10,null],[0,null]],[[1,null],[10,null],[0,null]],[14,null],[0,null],[0,null],[0,null],[255,null],[255,null],[[0,null],[0,null],[0,null],[8,null]],[[0,null],[0,null],[0,null],[8,null]],[[0,null],[0,null],[0,null],[8,null]],[["IGNOREPROJECTOR","true"],["PreviewType","Plane"],["QUEUE","Transparent"],["RenderType","Transparent"]],["SOFTPARTICLES_ON","STEREO_CUBEMAP_RENDER_ON","STEREO_INSTANCING_ON","STEREO_MULTIVIEW_ON","UNITY_SINGLE_PASS_STEREO","__"],[],[[0,0,[],4,5,0,0],[0,0,[],6,7,1,0]],[],0]],[],[["_MainTex",4,0,0,0,0,"white",0],["_InvFade",3,1,0.00999999977648258,3,0,"",0]],null,null,0,0,0]},{"id":28,"assetBundleId":-2,"data":[[],"UI/Default",null,["UNITY_UI_ALPHACLIP","UNITY_UI_CLIP_RECT","STEREO_CUBEMAP_RENDER_ON","STEREO_INSTANCING_ON","STEREO_MULTIVIEW_ON","UNITY_SINGLE_PASS_STEREO","_"],[[0,0,"Default",0,"",0,[0,"unity_GUIZTestMode"],[0,null],[0,null],[[1,null],[10,null],[0,null]],[[1,null],[10,null],[0,null]],[0,"_ColorMask"],[0,null],[0,null],[0,"_Stencil"],[0,"_StencilReadMask"],[0,"_StencilWriteMask"],[[0,"_StencilOp"],[0,null],[0,null],[0,"_StencilComp"]],[[0,null],[0,null],[0,null],[8,null]],[[0,null],[0,null],[0,null],[8,null]],[["CanUseSpriteAtlas","true"],["IGNOREPROJECTOR","true"],["PreviewType","Plane"],["QUEUE","Transparent"],["RenderType","Transparent"]],["STEREO_CUBEMAP_RENDER_ON","STEREO_INSTANCING_ON","STEREO_MULTIVIEW_ON","UNITY_SINGLE_PASS_STEREO","UNITY_UI_ALPHACLIP","UNITY_UI_CLIP_RECT","_"],[],[[0,0,[],14,15,0,0],[0,0,[],16,17,1,0],[0,0,["UNITY_UI_ALPHACLIP"],14,18,0,0],[0,0,["UNITY_UI_ALPHACLIP"],16,19,1,0]],[],0]],[],[["_MainTex",4,0,0,0,0,"white",2],["_Color",0,1,1,1,1,"",0],["_StencilComp",2,8,0,0,0,"",0],["_Stencil",2,0,0,0,0,"",0],["_StencilOp",2,0,0,0,0,"",0],["_StencilWriteMask",2,255,0,0,0,"",0],["_StencilReadMask",2,255,0,0,0,"",0],["_ColorMask",2,15,0,0,0,"",0],["_UseUIAlphaClip",2,0,0,0,0,"",0]],null,null,0,0,0]},{"id":48,"assetBundleId":-2,"data":[[],"Hidden/BlitCopy",null,["STEREO_CUBEMAP_RENDER_ON","STEREO_INSTANCING_ON","STEREO_MULTIVIEW_ON","UNITY_SINGLE_PASS_STEREO"],[[0,0,"",0,"",0,[8,null],[0,null],[0,null],[[1,null],[0,null],[0,null]],[[1,null],[0,null],[0,null]],[15,null],[0,null],[0,null],[0,null],[255,null],[255,null],[[0,null],[0,null],[0,null],[8,null]],[[0,null],[0,null],[0,null],[8,null]],[[0,null],[0,null],[0,null],[8,null]],[],["STEREO_CUBEMAP_RENDER_ON","STEREO_INSTANCING_ON","STEREO_MULTIVIEW_ON","UNITY_SINGLE_PASS_STEREO"],[],[],[],0]],[],[["_MainTex",4,0,0,0,0,"",0],["_Color",0,1,1,1,1,"",0]],null,null,0,0,0]}],"resources":[{"id":0,"assetBundleId":-2,"data":[[["fonts & materials/lilitaone-regular sdf",12,25686],["fonts & materials/lilitaone-regular sdf",10,25684],["fonts & materials/lilitaone-regular",12,29492],["fonts & materials/lilitaone-regular",55,29468],["fonts & materials/lilitaone-regular sdf",9,25682],["unity_builtin_extra",11,168],["unity_builtin_extra",10,774],["unity_builtin_extra",11,26],["unity_builtin_extra",10,560],["unity_builtin_extra",11,28],["fonts & materials/liberationsans sdf",12,25664],["fonts & materials/liberationsans sdf",10,25662],["fonts & materials/liberationsans sdf - fallback",12,26008],["fonts & materials/liberationsans sdf - fallback",10,26006],["fonts & materials/liberationsans sdf - fallback",9,26004],["fonts & materials/liberationsans sdf",9,25660],["sprite assets/emojione",10,36240],["sprite assets/emojione",58,25648],["style sheets/default style sheet",59,25610],["linebreaking leading characters",60,29744],["linebreaking following characters",60,29746],["tmp settings",57,26054]],[29212,29210,29196,29210,29206,29210,29448,29210,29450,29210,29452,29210,29198,29210,29208,29210,29202,29210,1093402,1094630,29470,29210,29472,29210,29476,29210,29478,29210,29482,29210,-4954990,1094630,29480,29210,-4954998,1094630,29474,29210,-4954966,1094630,-4954974,1094630,-4954982,1094630,1093080,1094630,-4961538,1094630,-4961546,1094630,-4961514,1094630,-4961522,1094630,-4961530,1094630,29444,29210,29204,29210,-4961534,1094630,-4961542,1094630,-4961550,1094630,29186,29184,29188,29184,29404,29184,29182,29184,1095750,1094630,29408,29184,-4956262,1094630,-4956258,1094630,29400,29184,29402,29184,29180,29184,-4956264,1094630,1094200,1094630,-4957046,1094630,-4957042,1094630,-4957048,1094630,1094170,1094630,-4959494,1094630,-4959490,1094630,-4959496,1094630,1095330,1094630,-4956546,1094630,-4956542,1094630,-4956548,1094630,1094074,1094630,-4961238,1094630,-4961234,1094630,-4961240,1094630,1095140,1094630,-4955626,1094630,-4955622,1094630,-4955628,1094630,1093126,1094630,-4954520,1094630,-4954516,1094630,-4954522,1094630,1093134,1094630,-4954778,1094630,-4954774,1094630,-4954780,1094630,1093808,1094630,-4958576,1094630,-4958572,1094630,-4958578,1094630,1094414,1094630,-4959714,1094630,-4959710,1094630,-4959716,1094630,1095514,1094630,-4957406,1094630,-4957402,1094630,-4957408,1094630,1095472,1094630,-4958668,1094630,-4958664,1094630,-4958670,1094630,1095566,1094630,-4959096,1094630,-4959092,1094630,-4959098,1094630,1093620,1094630,-4955726,1094630,-4955722,1094630,-4955728,1094630,1094780,1094630,-4955578,1094630,-4955574,1094630,-4955580,1094630,1094626,1094630,-4959048,1094630,-4959044,1094630,-4959050,1094630,1093154,1094630,-4954906,1094630,-4954902,1094630,-4954908,1094630,1093778,1094630,-4959446,1094630,-4959442,1094630,-4959448,1094630,1095326,1094630,-4960384,1094630,-4960380,1094630,-4960386,1094630,1093490,1094630,-4961058,1094630,-4961054,1094630,-4961060,1094630,1094392,1094630,-4957586,1094630,-4957582,1094630,-4957588,1094630,1094442,1094630,-4955594,1094630,-4955590,1094630,-4955596,1094630,1094898,1094630,-4958170,1094630,-4958166,1094630,-4958172,1094630,1094348,1094630,-4959558,1094630,-4959554,1094630,-4959560,1094630,1095162,1094630,-4957826,1094630,-4957822,1094630,-4957828,1094630,1095366,1094630,-4958832,1094630,-4958828,1094630,-4958834,1094630,1095058,1094630,-4958358,1094630,-4958354,1094630,-4958360,1094630,1093812,1094630,-4956698,1094630,-4956694,1094630,-4956700,1094630,1093840,1094630,-4956846,1094630,-4956842,1094630,-4956848,1094630,1093766,1094630,-4961686,1094630,-4961682,1094630,-4961688,1094630,1094760,1094630,-4960176,1094630,-4960172,1094630,-4960178,1094630,1093052,1094630,-4961782,1094630,-4961778,1094630,-4961784,1094630,1094064,1094630,-4960436,1094630,-4960432,1094630,-4960438,1094630,1095304,1094630,-4957954,1094630,-4957950,1094630,-4957956,1094630,1092936,1094630,-4960054,1094630,-4960050,1094630,-4960056,1094630,1093594,1094630,-4956666,1094630,-4956662,1094630,-4956668,1094630,1095316,1094630,-4961026,1094630,-4961022,1094630,-4961028,1094630,1094904,1094630,-4957726,1094630,-4957722,1094630,-4957728,1094630,1095038,1094630,-4957198,1094630,-4957194,1094630,-4957200,1094630,1094674,1094630,-4957214,1094630,-4957210,1094630,-4957216,1094630,1095468,1094630,-4956230,1094630,-4956226,1094630,-4956232,1094630,1093042,1094630,-4956746,1094630,-4956742,1094630,-4956748,1094630,1094210,1094630,-4954922,1094630,-4954918,1094630,-4954924,1094630,1093070,1094630,-4956394,1094630,-4956390,1094630,-4956396,1094630,1094204,1094630,-4960006,1094630,-4960002,1094630,-4960008,1094630,1095218,1094630,-4957502,1094630,-4957498,1094630,-4957504,1094630,1094152,1094630,-4961010,1094630,-4961006,1094630,-4961012,1094630,1094116,1094630,-4955514,1094630,-4955510,1094630,-4955516,1094630,1093282,1094630,-4954842,1094630,-4954838,1094630,-4954844,1094630,1095260,1094630,-4961814,1094630,-4961810,1094630,-4961816,1094630,1094610,1094630,-4959064,1094630,-4959060,1094630,-4959066,1094630,1093992,1094630,-4956530,1094630,-4956526,1094630,-4956532,1094630,1092830,1094630,-4957470,1094630,-4957466,1094630,-4957472,1094630,1095626,1094630,-4958186,1094630,-4958182,1094630,-4958188,1094630,1093122,1094630,-4956214,1094630,-4956210,1094630,-4956216,1094630,1095130,1094630,-4960624,1094630,-4960620,1094630,-4960626,1094630,1094134,1094630,-4956378,1094630,-4956374,1094630,-4956380,1094630,1093830,1094630,-4954468,1094630,-4954464,1094630,-4954470,1094630,1093244,1094630,-4961564,1094630,-4961560,1094630,-4961566,1094630,1094514,1094630,-4959160,1094630,-4959156,1094630,-4959162,1094630,1093252,1094630,-4961798,1094630,-4961794,1094630,-4961800,1094630,1094508,1094630,-4957710,1094630,-4957706,1094630,-4957712,1094630,1095362,1094630,-4960070,1094630,-4960066,1094630,-4960072,1094630,1092990,1094630,-4961374,1094630,-4961370,1094630,-4961376,1094630,1095410,1094630,-4954536,1094630,-4954532,1094630,-4954538,1094630,1093452,1094630,-4958608,1094630,-4958604,1094630,-4958610,1094630,1094642,1094630,-4958374,1094630,-4958370,1094630,-4958376,1094630,1094042,1094630,-4956862,1094630,-4956858,1094630,-4956864,1094630,1093224,1094630,-4958006,1094630,-4958002,1094630,-4958008,1094630,1094812,1094630,-4955414,1094630,-4955410,1094630,-4955416,1094630,1094290,1094630,-4954858,1094630,-4954854,1094630,-4954860,1094630,1093932,1094630,-4954436,1094630,-4954432,1094630,-4954438,1094630,1093672,1094630,-4959974,1094630,-4959970,1094630,-4959976,1094630,1093336,1094630,-4961490,1094630,-4961486,1094630,-4961492,1094630,1092878,1094630,-4957454,1094630,-4957450,1094630,-4957456,1094630,1095644,1094630,-4960038,1094630,-4960034,1094630,-4960040,1094630,1094266,1094630,-4961830,1094630,-4961826,1094630,-4961832,1094630,1092860,1094630,-4961074,1094630,-4961070,1094630,-4961076,1094630,1093182,1094630,-4960830,1094630,-4960826,1094630,-4960832,1094630,1094164,1094630,-4956762,1094630,-4956758,1094630,-4956764,1094630,1093048,1094630,-4954452,1094630,-4954448,1094630,-4954454,1094630,1094768,1094630,-4958138,1094630,-4958134,1094630,-4958140,1094630,1095242,1094630,-4955194,1094630,-4955190,1094630,-4955196,1094630,1093308,1094630,-4958426,1094630,-4958422,1094630,-4958428,1094630,1094738,1094630,-4958342,1094630,-4958338,1094630,-4958344,1094630,1093938,1094630,-4957014,1094630,-4957010,1094630,-4957016,1094630,1093666,1094630,-4960978,1094630,-4960974,1094630,-4960980,1094630,1092810,1094630,-4960994,1094630,-4960990,1094630,-4960996,1094630,1094490,1094630,-4956294,1094630,-4956290,1094630,-4956296,1094630,1093600,1094630,-4959292,1094630,-4959288,1094630,-4959294,1094630,1094538,1094630,-4961290,1094630,-4961286,1094630,-4961292,1094630,1093964,1094630,-4957810,1094630,-4957806,1094630,-4957812,1094630,1094916,1094630,-4960468,1094630,-4960464,1094630,-4960470,1094630,1094604,1094630,-4955110,1094630,-4955106,1094630,-4955112,1094630,1094140,1094630,-4959080,1094630,-4959076,1094630,-4959082,1094630,1094194,1094630,-4960914,1094630,-4960910,1094630,-4960916,1094630,1093370,1094630,-4960930,1094630,-4960926,1094630,-4960932,1094630,1094744,1094630,-4954874,1094630,-4954870,1094630,-4954876,1094630,1095404,1094630,-4957842,1094630,-4957838,1094630,-4957844,1094630,1093258,1094630,-4959542,1094630,-4959538,1094630,-4959544,1094630,1095664,1094630,-4955562,1094630,-4955558,1094630,-4955564,1094630,1093534,1094630,-4960452,1094630,-4960448,1094630,-4960454,1094630,1092790,1094630,-4959834,1094630,-4959830,1094630,-4959836,1094630,1094496,1094630,-4960272,1094630,-4960268,1094630,-4960274,1094630,1094616,1094630,-4961750,1094630,-4961746,1094630,-4961752,1094630,1094230,1094630,-4957078,1094630,-4957074,1094630,-4957080,1094630,1092784,1094630,-4961580,1094630,-4961576,1094630,-4961582,1094630,1095428,1094630,-4958086,1094630,-4958082,1094630,-4958088,1094630,1092866,1094630,-4960086,1094630,-4960082,1094630,-4960088,1094630,1093288,1094630,-4960192,1094630,-4960188,1094630,-4960194,1094630,1092996,1094630,-4960288,1094630,-4960284,1094630,-4960290,1094630,1094694,1094630,-4959340,1094630,-4959336,1094630,-4959342,1094630,1093416,1094630,-4956446,1094630,-4956442,1094630,-4956448,1094630,1095002,1094630,-4960304,1094630,-4960300,1094630,-4960306,1094630,1095700,1094630,-4957938,1094630,-4957934,1094630,-4957940,1094630,1094786,1094630,-4959356,1094630,-4959352,1094630,-4959358,1094630,1094962,1094630,-4957094,1094630,-4957090,1094630,-4957096,1094630,1095318,1094630,1094906,1094630,1095040,1094630,1094676,1094630,1095470,1094630,1093044,1094630,1094212,1094630,1093072,1094630,1094206,1094630,1095220,1094630,1094154,1094630,1094118,1094630,1093284,1094630,1095262,1094630,1094612,1094630,1093994,1094630,1092832,1094630,1095628,1094630,1093124,1094630,1095132,1094630,1094136,1094630,1093832,1094630,1093246,1094630,1094516,1094630,1093254,1094630,1094510,1094630,1095364,1094630,1092992,1094630,1095412,1094630,1093454,1094630,1094644,1094630,1094044,1094630,1093226,1094630,1094814,1094630,1094292,1094630,1093934,1094630,1093674,1094630,1093338,1094630,1092880,1094630,1095646,1094630,1094268,1094630,1092862,1094630,1093184,1094630,1094166,1094630,1093050,1094630,1094770,1094630,1095244,1094630,1093310,1094630,1094740,1094630,1093940,1094630,1093668,1094630,1092812,1094630,1094492,1094630,1093602,1094630,1094540,1094630,1093966,1094630,1094918,1094630,1094606,1094630,1094142,1094630,1094196,1094630,1093372,1094630,1094746,1094630,1095406,1094630,1093260,1094630,1095666,1094630,1093536,1094630,1092792,1094630,1094498,1094630,1094618,1094630,1094232,1094630,1092786,1094630,1095430,1094630,1092868,1094630,1093290,1094630,1092998,1094630,1094696,1094630,1093418,1094630,1095004,1094630,1095702,1094630,1094788,1094630,1094964,1094630,1095620,1094630,-4959308,1094630,-4959304,1094630,-4959310,1094630,1095676,1094630,-4954636,1094630,-4954632,1094630,-4954638,1094630,1094296,1094630,-4957486,1094630,-4957482,1094630,-4957488,1094630,1095478,1094630,-4958816,1094630,-4958812,1094630,-4958818,1094630,1093574,1094630,-4954604,1094630,-4954600,1094630,-4954606,1094630,1093730,1094630,-4958290,1094630,-4958286,1094630,-4958292,1094630,1095544,1094630,-4957438,1094630,-4957434,1094630,-4957440,1094630,1093294,1094630,-4961596,1094630,-4961592,1094630,-4961598,1094630,1094404,1094630,-4955398,1094630,-4955394,1094630,-4955400,1094630,1095322,1094630,-4960102,1094630,-4960098,1094630,-4960104,1094630,1093496,1094630,-4957030,1094630,-4957026,1094630,-4957032,1094630,1094284,1094630,-4957110,1094630,-4957106,1094630,-4957112,1094630,1095310,1094630,-4961186,1094630,-4961182,1094630,-4961188,1094630,1094024,1094630,-4954710,1094630,-4954706,1094630,-4954712,1094630,1094526,1094630,-4955278,1094630,-4955274,1094630,-4955280,1094630,1094426,1094630,-4954620,1094630,-4954616,1094630,-4954622,1094630,1093162,1094630,-4954794,1094630,-4954790,1094630,-4954796,1094630,1093058,1094630,-4954588,1094630,-4954584,1094630,-4954590,1094630,1092932,1094630,-4958996,1094630,-4958992,1094630,-4958998,1094630,1093270,1094630,-4956514,1094630,-4956510,1094630,-4956516,1094630,1094774,1094630,-4961090,1094630,-4961086,1094630,-4961092,1094630,1093736,1094630,-4956278,1094630,-4956274,1094630,-4956280,1094630,1095200,1094630,-4955546,1094630,-4955542,1094630,-4955548,1094630,1094012,1094630,-4961734,1094630,-4961730,1094630,-4961736,1094630,1093236,1094630,-4961138,1094630,-4961134,1094630,-4961140,1094630,1093568,1094630,-4960846,1094630,-4960842,1094630,-4960848,1094630,1092956,1094630,-4961358,1094630,-4961354,1094630,-4961360,1094630,1094930,1094630,-4961306,1094630,-4961302,1094630,-4961308,1094630,1094592,1094630,-4956038,1094630,-4956034,1094630,-4956040,1094630,1095110,1094630,-4959818,1094630,-4959814,1094630,-4959820,1094630,1092778,1094630,-4960336,1094630,-4960332,1094630,-4960338,1094630,1095724,1094630,-4957906,1094630,-4957902,1094630,-4957908,1094630,1094054,1094630,-4959990,1094630,-4959986,1094630,-4959992,1094630,1094910,1094630,-4960946,1094630,-4960942,1094630,-4960948,1094630,1092926,1094630,-4961422,1094630,-4961418,1094630,-4961424,1094630,1093276,1094630,-4957062,1094630,-4957058,1094630,-4957064,1094630,1092984,1094630,-4956198,1094630,-4956194,1094630,-4956200,1094630,1095064,1094630,-4958038,1094630,-4958034,1094630,-4958040,1094630,1093890,1094630,-4960962,1094630,-4960958,1094630,-4960964,1094630,1095434,1094630,-4959430,1094630,-4959426,1094630,-4959432,1094630,1094146,1094630,-4955610,1094630,-4955606,1094630,-4955612,1094630,1092842,1094630,-4960556,1094630,-4960552,1094630,-4960558,1094630,1093314,1094630,-4956310,1094630,-4956306,1094630,-4956312,1094630,1095212,1094630,-4957602,1094630,-4957598,1094630,-4957604,1094630,1095602,1094630,-4958592,1094630,-4958588,1094630,-4958594,1094630,1093636,1094630,-4960352,1094630,-4960348,1094630,-4960354,1094630,1095008,1094630,-4956730,1094630,-4956726,1094630,-4956732,1094630,1095614,1094630,-4956562,1094630,-4956558,1094630,-4956564,1094630,1094544,1094630,-4957518,1094630,-4957514,1094630,-4957520,1094630,1094462,1094630,-4956778,1094630,-4956774,1094630,-4956780,1094630,1094866,1094630,-4961846,1094630,-4961842,1094630,-4961848,1094630,1095712,1094630,-4958896,1094630,-4958892,1094630,-4958898,1094630,1092816,1094630,-4955210,1094630,-4955206,1094630,-4955212,1094630,1093446,1094630,-4959850,1094630,-4959846,1094630,-4959852,1094630,1094128,1094630,-4957390,1094630,-4957386,1094630,-4957392,1094630,1094956,1094630,-4956246,1094630,-4956242,1094630,-4956248,1094630,1093206,1094630,-4957338,1094630,-4957334,1094630,-4957340,1094630,1093944,1094630,-4961170,1094630,-4961166,1094630,-4961172,1094630,1094036,1094630,-4957678,1094630,-4957674,1094630,-4957680,1094630,1093396,1094630,-4959478,1094630,-4959474,1094630,-4959480,1094630,1095578,1094630,-4956462,1094630,-4956458,1094630,-4956464,1094630,1094990,1094630,-4958274,1094630,-4958270,1094630,-4958276,1094630,1094660,1094630,-4955446,1094630,-4955442,1094630,-4955448,1094630,1094048,1094630,-4961042,1094630,-4961038,1094630,-4961044,1094630,1094398,1094630,-4956362,1094630,-4956358,1094630,-4956364,1094630,1094598,1094630,-4961154,1094630,-4961150,1094630,-4961156,1094630,1093076,1094630,-4961654,1094630,-4961650,1094630,-4961656,1094630,1093064,1094630,-4958154,1094630,-4958150,1094630,-4958156,1094630,1094018,1094630,-4955882,1094630,-4955878,1094630,-4955884,1094630,1094860,1094630,-4960368,1094630,-4960364,1094630,-4960370,1094630,1094004,1094630,-4960208,1094630,-4960204,1094630,-4960210,1094630,1093218,1094630,-4956650,1094630,-4956646,1094630,-4956652,1094630,1093428,1094630,-4959128,1094630,-4959124,1094630,-4959130,1094630,1094302,1094630,-4955382,1094630,-4955378,1094630,-4955384,1094630,1094122,1094630,-4957874,1094630,-4957870,1094630,-4957876,1094630,1095596,1094630,-4954652,1094630,-4954648,1094630,-4954654,1094630,1095236,1094630,-4961702,1094630,-4961698,1094630,-4961704,1094630,1093884,1094630,-4961718,1094630,-4961714,1094630,-4961720,1094630,1094750,1094630,-4958944,1094630,-4958940,1094630,-4958946,1094630,1095356,1094630,-4958864,1094630,-4958860,1094630,-4958866,1094630,1092892,1094630,-4955430,1094630,-4955426,1094630,-4955432,1094630,1095622,1094630,1095678,1094630,1094298,1094630,1095480,1094630,1093576,1094630,1093732,1094630,1095546,1094630,1093296,1094630,1094406,1094630,1095324,1094630,1093498,1094630,1094286,1094630,1095312,1094630,1094026,1094630,1094528,1094630,1094428,1094630,1093164,1094630,1093060,1094630,1092934,1094630,1093272,1094630,1094776,1094630,1093738,1094630,1095202,1094630,1094014,1094630,1093238,1094630,1093570,1094630,1092958,1094630,1094932,1094630,1094594,1094630,1095112,1094630,1092780,1094630,1095726,1094630,1094056,1094630,1094912,1094630,1092928,1094630,1093278,1094630,1092986,1094630,1095066,1094630,1093892,1094630,1095436,1094630,1094148,1094630,1092844,1094630,1093316,1094630,1095214,1094630,1095604,1094630,1093638,1094630,1095010,1094630,1095616,1094630,1094546,1094630,1094464,1094630,1094868,1094630,1095714,1094630,1092818,1094630,1093448,1094630,1094130,1094630,1094958,1094630,1093208,1094630,1093946,1094630,1094038,1094630,1093398,1094630,1095580,1094630,1094992,1094630,1094662,1094630,1094050,1094630,1094400,1094630,1094600,1094630,1093078,1094630,1093066,1094630,1094020,1094630,1094862,1094630,1094006,1094630,1093220,1094630,1093430,1094630,1094304,1094630,1094124,1094630,1095598,1094630,1095238,1094630,1093886,1094630,1094752,1094630,1095358,1094630,1092894,1094630,1093092,1094630,-4958642,1094630,-4958650,1094630,-4958618,1094630,-4958626,1094630,-4958634,1094630,-4958638,1094630,-4958646,1094630,-4958654,1094630,1093002,1094630,-4959230,1094630,-4959238,1094630,-4959206,1094630,-4959214,1094630,-4959222,1094630,-4959226,1094630,-4959234,1094630,-4959242,1094630,1092796,1094630,-4958790,1094630,-4958798,1094630,-4958766,1094630,-4958774,1094630,-4958782,1094630,-4958786,1094630,-4958794,1094630,-4958802,1094630,1093686,1094630,-4958474,1094630,-4958482,1094630,-4958450,1094630,-4958458,1094630,-4958466,1094630,-4958470,1094630,-4958478,1094630,-4958486,1094630,1094216,1094630,-4961628,1094630,-4961636,1094630,-4961604,1094630,-4961612,1094630,-4961620,1094630,-4961624,1094630,-4961632,1094630,-4961640,1094630,1093168,1094630,-4960134,1094630,-4960142,1094630,-4960110,1094630,-4960118,1094630,-4960126,1094630,-4960130,1094630,-4960138,1094630,-4960146,1094630,1094550,1094630,-4956682,1094630,-4956678,1094630,-4956684,1094630,1095440,1094630,-4959112,1094630,-4959108,1094630,-4959114,1094630,1094378,1094630,-4959324,1094630,-4959320,1094630,-4959326,1094630,1094410,1094630,-4960712,1094630,-4960708,1094630,-4960714,1094630,1095658,1094630,-4960320,1094630,-4960316,1094630,-4960322,1094630,1094060,1094630,-4957422,1094630,-4957418,1094630,-4957424,1094630,1094922,1094630,-4959574,1094630,-4959570,1094630,-4959576,1094630,1094432,1094630,-4960022,1094630,-4960018,1094630,-4960024,1094630,1092848,1094630,-4957922,1094630,-4957918,1094630,-4957924,1094630,1095608,1094630,-4961506,1094630,-4961502,1094630,-4961508,1094630,1093702,1094630,-4957534,1094630,-4957530,1094630,-4957536,1094630,1095092,1094630,-4958054,1094630,-4958050,1094630,-4958056,1094630,1095206,1094630,-4955142,1094630,-4955138,1094630,-4955144,1094630,1094756,1094630,-4957694,1094630,-4957690,1094630,-4957696,1094630,1095422,1094630,-4956982,1094630,-4956978,1094630,-4956984,1094630,1093762,1094630,-4955830,1094630,-4955826,1094630,-4955832,1094630,1092854,1094630,-4955970,1094630,-4955966,1094630,-4955972,1094630,1095116,1094630,-4959462,1094630,-4959458,1094630,-4959464,1094630,1093846,1094630,-4956950,1094630,-4956946,1094630,-4956952,1094630,1095392,1094630,-4956998,1094630,-4956994,1094630,-4957000,1094630,1094502,1094630,-4956714,1094630,-4956710,1094630,-4956716,1094630,1095738,1094630,-4959144,1094630,-4959140,1094630,-4959146,1094630,1094834,1094630,-4960224,1094630,-4960220,1094630,-4960226,1094630,1095590,1094630,-4955694,1094630,-4955690,1094630,-4955696,1094630,1095670,1094630,-4959766,1094630,-4959762,1094630,-4959768,1094630,1095632,1094630,-4954826,1094630,-4954822,1094630,-4954828,1094630,1094420,1094630,-4959510,1094630,-4959506,1094630,-4959512,1094630,1092904,1094630,-4959526,1094630,-4959522,1094630,-4959528,1094630,1095506,1094630,-4959698,1094630,-4959694,1094630,-4959700,1094630,1094712,1094630,-4960160,1094630,-4960156,1094630,-4960162,1094630,1094984,1094630,-4955778,1094630,-4955774,1094630,-4955780,1094630,1094372,1094630,-4957858,1094630,-4957854,1094630,-4957860,1094630,1095372,1094630,-4955126,1094630,-4955122,1094630,-4955128,1094630,1093528,1094630,-4960898,1094630,-4960894,1094630,-4960900,1094630,1092962,1094630,-4958912,1094630,-4958908,1094630,-4958914,1094630,1094484,1094630,-4961106,1094630,-4961102,1094630,-4961108,1094630,1094552,1094630,1095442,1094630,1094380,1094630,1094412,1094630,1095660,1094630,1094062,1094630,1094924,1094630,1094434,1094630,1092850,1094630,1095610,1094630,1093704,1094630,1095094,1094630,1095208,1094630,1094758,1094630,1095424,1094630,1093764,1094630,1092856,1094630,1095118,1094630,1093848,1094630,1095394,1094630,1094504,1094630,1095740,1094630,1094836,1094630,1095592,1094630,1095672,1094630,1095634,1094630,1094422,1094630,1092906,1094630,1095508,1094630,1094714,1094630,1094986,1094630,1094374,1094630,1095374,1094630,1093530,1094630,1092964,1094630,1094486,1094630,29294,29292,29536,29292,29538,29292,29540,29292,29542,29292,29544,29292,29546,29292,29548,29292,1095152,1095154,29556,29292,29304,29292,29558,29292,29310,29292,29552,29292,29298,29292,29554,29292,29300,29292,29314,29292,29284,29292,-4954722,1095154,-4954730,1095154,-4954738,1095154,-4954746,1095154,-4954754,1095154,-4954762,1095154,29286,29292,29288,29292,1093642,1094630,-4957794,1094630,-4957790,1094630,1094800,1094630,-4961122,1094630,-4961118,1094630,-4961124,1094630,1095298,1094630,-4959414,1094630,-4959410,1094630,-4959416,1094630,1093756,1094630,-4958684,1094630,-4958680,1094630,-4958686,1094630,1093212,1094630,-4958928,1094630,-4958924,1094630,-4958930,1094630,1094476,1094630,-4955642,1094630,-4955638,1094630,-4955644,1094630,1093678,1094630,-4954890,1094630,-4954886,1094630,-4954892,1094630,1094354,1094630,-4961438,1094630,-4961434,1094630,-4961440,1094630,1095230,1094630,-4960240,1094630,-4960236,1094630,-4960242,1094630,1094806,1094630,-4960256,1094630,-4960252,1094630,-4960258,1094630,1095224,1094630,-4958848,1094630,-4958844,1094630,-4958850,1094630,1093230,1094630,-4956022,1094630,-4956018,1094630,-4956024,1094630,1093024,1094630,-4955462,1094630,-4955458,1094630,-4955464,1094630,1093502,1094630,-4954810,1094630,-4954806,1094630,-4954812,1094630,1093508,1094630,-4958442,1094630,-4958438,1094630,-4958444,1094630,1093144,1094630,-4958560,1094630,-4958556,1094630,-4958562,1094630,1092836,1094630,-4955330,1094630,-4955326,1094630,-4955332,1094630,1094622,1094630,-4958070,1094630,-4958066,1094630,-4958072,1094630,1095104,1094630,-4956966,1094630,-4956962,1094630,-4956968,1094630,1093864,1094630,-4955016,1094630,-4955012,1094630,-4955018,1094630,1095584,1094630,-4960728,1094630,-4960724,1094630,-4960730,1094630,1095490,1094630,-4957890,1094630,-4957886,1094630,-4957892,1094630,1094070,1094630,-4955226,1094630,-4955222,1094630,-4955228,1094630,1095688,1094630,-4955710,1094630,-4955706,1094630,-4955712,1094630,1093352,1094630,-4960608,1094630,-4960604,1094630,-4960610,1094630,1094818,1094630,-4957778,1094630,-4957774,1094630,-4957780,1094630,1095718,1094630,-4955530,1094630,-4955526,1094630,-4955532,1094630,1095528,1094630,-4957618,1094630,-4957614,1094630,-4957620,1094630,1095572,1094630,-4961390,1094630,-4961386,1094630,-4961392,1094630,1092898,1094630,-4961766,1094630,-4961762,1094630,-4961768,1094630,1093784,1094630,-4958022,1094630,-4958018,1094630,-4958024,1094630,1094580,1094630,-4958544,1094630,-4958540,1094630,-4958546,1094630,1094324,1094630,-4961670,1094630,-4961666,1094630,-4961672,1094630,1093926,1094630,-4961406,1094630,-4961402,1094630,-4961408,1094630,1093194,1094630,-4958880,1094630,-4958876,1094630,-4958882,1094630,1094308,1094630,-4956830,1094630,-4956826,1094630,-4956832,1094630,1094558,1094630,-4958518,1094630,-4958526,1094630,-4958494,1094630,-4958502,1094630,-4958510,1094630,-4958514,1094630,-4958522,1094630,-4958530,1094630,1093030,1094630,-4960762,1094630,-4960770,1094630,-4960738,1094630,-4960746,1094630,-4960754,1094630,-4960758,1094630,-4960766,1094630,-4960774,1094630,1095248,1094630,-4957652,1094630,-4957660,1094630,-4957628,1094630,-4957636,1094630,-4957644,1094630,-4957648,1094630,-4957656,1094630,-4957664,1094630,1093912,1094630,-4959388,1094630,-4959396,1094630,-4959364,1094630,-4959372,1094630,-4959380,1094630,-4959384,1094630,-4959392,1094630,-4959400,1094630,1093376,1094630,-4955084,1094630,-4955092,1094630,-4955060,1094630,-4955068,1094630,-4955076,1094630,-4955080,1094630,-4955088,1094630,-4955096,1094630,1093896,1094630,-4954684,1094630,-4954692,1094630,-4954660,1094630,-4954668,1094630,-4954676,1094630,-4954680,1094630,-4954688,1094630,-4954696,1094630,1094802,1094630,1093644,1094630,1095300,1094630,1093758,1094630,1093214,1094630,1094478,1094630,1093680,1094630,1094356,1094630,1095232,1094630,1094808,1094630,1095226,1094630,1093232,1094630,1093026,1094630,1093504,1094630,1093510,1094630,1093146,1094630,1092838,1094630,1094624,1094630,1095106,1094630,1093866,1094630,1095586,1094630,1095492,1094630,1094072,1094630,1095690,1094630,1093354,1094630,1094820,1094630,1095720,1094630,1095530,1094630,1095574,1094630,1092900,1094630,1093786,1094630,1094582,1094630,1094326,1094630,1093928,1094630,1093196,1094630,1094310,1094630,-4957796,1094630,29224,29222,29416,29222,29418,29222,29420,29222,29424,29222,29438,29222,29422,29222,1093390,1094630,29442,29222,29432,29222,29434,29222,29436,29222,29440,29222,-4955792,1094630,-4955800,1094630,-4955812,1094630,29410,29222,29412,29222,29226,29222,-4955796,1094630,-4955814,1094630,-4955806,1094630,29414,29222,1093150,1094630,-4956324,1094630,-4956332,1094630,-4956344,1094630,-4956328,1094630,-4956346,1094630,-4956338,1094630,1094096,1094630,-4956792,1094630,-4956800,1094630,-4956812,1094630,-4956796,1094630,-4956814,1094630,-4956806,1094630,1095550,1094630,-4961200,1094630,-4961208,1094630,-4961220,1094630,-4961204,1094630,-4961222,1094630,-4961214,1094630,1095292,1094630,-4961252,1094630,-4961260,1094630,-4961272,1094630,-4961256,1094630,-4961274,1094630,-4961266,1094630,1093188,1094630,-4959624,1094630,-4959632,1094630,-4959644,1094630,-4959628,1094630,-4959646,1094630,-4959638,1094630,1094718,1094630,-4955156,1094630,-4955164,1094630,-4955176,1094630,-4955160,1094630,-4955178,1094630,-4955170,1094630,1094846,1094630,-4956160,1094630,-4956168,1094630,-4956180,1094630,-4956164,1094630,-4956182,1094630,-4956174,1094630,1094840,1094630,-4955344,1094630,-4955352,1094630,-4955364,1094630,-4955348,1094630,-4955366,1094630,-4955358,1094630,1093998,1094630,-4959254,1094630,-4959262,1094630,-4959274,1094630,-4959258,1094630,-4959276,1094630,-4959268,1094630,1092944,1094630,-4959780,1094630,-4959788,1094630,-4959800,1094630,-4959784,1094630,-4959802,1094630,-4959794,1094630,1095082,1094630,-4959660,1094630,-4959668,1094630,-4959680,1094630,-4959664,1094630,-4959682,1094630,-4959674,1094630,1093264,1094630,-4955740,1094630,-4955748,1094630,-4955760,1094630,-4955744,1094630,-4955762,1094630,-4955754,1094630,1094996,1094630,-4959728,1094630,-4959736,1094630,-4959748,1094630,-4959732,1094630,-4959750,1094630,-4959742,1094630,1094854,1094630,-4959588,1094630,-4959596,1094630,-4959608,1094630,-4959592,1094630,-4959610,1094630,-4959602,1094630,1094468,1094630,-4955932,1094630,-4955940,1094630,-4955952,1094630,-4955936,1094630,-4955954,1094630,-4955946,1094630,1092912,1094630,-4956912,1094630,-4956920,1094630,-4956932,1094630,-4956916,1094630,-4956934,1094630,-4956926,1094630,1094158,1094630,-4956088,1094630,-4956096,1094630,-4956108,1094630,-4956092,1094630,-4956110,1094630,-4956102,1094630,1094586,1094630,-4955030,1094630,-4955038,1094630,-4955050,1094630,-4955034,1094630,-4955052,1094630,-4955044,1094630,1094532,1094630,-4960482,1094630,-4960490,1094630,-4960502,1094630,-4960486,1094630,-4960504,1094630,-4960496,1094630,1093870,1094630,-4955896,1094630,-4955904,1094630,-4955916,1094630,-4955900,1094630,-4955918,1094630,-4955910,1094630,1093422,1094630,-4958200,1094630,-4958208,1094630,-4958220,1094630,-4958204,1094630,-4958222,1094630,-4958214,1094630,1094186,1094630,-4956052,1094630,-4956060,1094630,-4956072,1094630,-4956056,1094630,-4956074,1094630,-4956066,1094630,1094456,1094630,-4956124,1094630,-4956132,1094630,-4956144,1094630,-4956128,1094630,-4956146,1094630,-4956138,1094630,1094278,1094630,-4956408,1094630,-4956416,1094630,-4956428,1094630,-4956412,1094630,-4956430,1094630,-4956422,1094630,1095454,1094630,-4956612,1094630,-4956620,1094630,-4956632,1094630,-4956616,1094630,-4956634,1094630,-4956626,1094630,1095682,1094630,-4957300,1094630,-4957308,1094630,-4957320,1094630,-4957304,1094630,-4957322,1094630,-4957314,1094630,1093556,1094630,-4959010,1094630,-4959018,1094630,-4959030,1094630,-4959014,1094630,-4959032,1094630,-4959024,1094630,1094688,1094630,-4958388,1094630,-4958396,1094630,-4958408,1094630,-4958392,1094630,-4958410,1094630,-4958402,1094630,1095136,1094630,-4955656,1094630,-4955664,1094630,-4955676,1094630,-4955660,1094630,-4955678,1094630,-4955670,1094630,1094360,1094630,-4956476,1094630,-4956484,1094630,-4956496,1094630,-4956480,1094630,-4956498,1094630,-4956490,1094630,1093320,1094630,-4955240,1094630,-4955248,1094630,-4955260,1094630,-4955244,1094630,-4955262,1094630,-4955254,1094630,1095286,1094630,-4955292,1094630,-4955300,1094630,-4955312,1094630,-4955296,1094630,-4955314,1094630,-4955306,1094630,1093836,1094630,-4958304,1094630,-4958312,1094630,-4958324,1094630,-4958308,1094630,-4958326,1094630,-4958318,1094630,1093562,1094630,-4959900,1094630,-4959908,1094630,-4959920,1094630,-4959904,1094630,-4959922,1094630,-4959914,1094630,1093708,1094630,-4957352,1094630,-4957360,1094630,-4957372,1094630,-4957356,1094630,-4957374,1094630,-4957366,1094630,1095344,1094630,-4957264,1094630,-4957272,1094630,-4957284,1094630,-4957268,1094630,-4957286,1094630,-4957278,1094630,1094366,1094630,-4957160,1094630,-4957168,1094630,-4957180,1094630,-4957164,1094630,-4957182,1094630,-4957174,1094630,1095496,1094630,-4954550,1094630,-4954558,1094630,-4954570,1094630,-4954554,1094630,-4954572,1094630,-4954564,1094630,1093958,1094630,-4957124,1094630,-4957132,1094630,-4957144,1094630,-4957128,1094630,-4957146,1094630,-4957138,1094630,1095054,1094630,-4960518,1094630,-4960526,1094630,-4960538,1094630,-4960522,1094630,-4960540,1094630,-4960532,1094630,1095706,1094630,-4960860,1094630,-4960868,1094630,-4960880,1094630,-4960864,1094630,-4960882,1094630,-4960874,1094630,1094654,1094630,-4954482,1094630,-4954490,1094630,-4954502,1094630,-4954486,1094630,-4954504,1094630,-4954496,1094630,1095076,1094630,-4958698,1094630,-4958706,1094630,-4958718,1094630,-4958702,1094630,-4958720,1094630,-4958712,1094630,1095386,1094630,-4958734,1094630,-4958742,1094630,-4958754,1094630,-4958738,1094630,-4958756,1094630,-4958748,1094630,1093200,1094630,-4956576,1094630,-4956584,1094630,-4956596,1094630,-4956580,1094630,-4956598,1094630,-4956590,1094630,1093440,1094630,-4958958,1094630,-4958966,1094630,-4958978,1094630,-4958962,1094630,-4958980,1094630,-4958972,1094630,1094438,1094630,-4954936,1094630,-4954944,1094630,-4954956,1094630,-4954940,1094630,-4954958,1094630,-4954950,1094630,1095380,1094630,-4960674,1094630,-4960682,1094630,-4960694,1094630,-4960678,1094630,-4960696,1094630,-4960688,1094630,1093986,1094630,-4955844,1094630,-4955852,1094630,-4955864,1094630,-4955848,1094630,-4955866,1094630,-4955858,1094630,1095448,1094630,-4958100,1094630,-4958108,1094630,-4958120,1094630,-4958104,1094630,-4958122,1094630,-4958114,1094630,1095070,1094630,-4957740,1094630,-4957748,1094630,-4957760,1094630,-4957744,1094630,-4957762,1094630,-4957754,1094630,1094520,1094630,-4960570,1094630,-4960578,1094630,-4960590,1094630,-4960574,1094630,-4960592,1094630,-4960584,1094630,1094700,1094630,-4958236,1094630,-4958244,1094630,-4958256,1094630,-4958240,1094630,-4958258,1094630,-4958250,1094630,1094080,1094630,-4960398,1094630,-4960406,1094630,-4960418,1094630,-4960402,1094630,-4960420,1094630,-4960412,1094630,1094648,1094630,-4961320,1094630,-4961328,1094630,-4961340,1094630,-4961324,1094630,-4961342,1094630,-4961334,1094630,1094732,1094630,-4957548,1094630,-4957556,1094630,-4957568,1094630,-4957552,1094630,-4957570,1094630,-4957562,1094630,1095158,1094630,-4957228,1094630,-4957236,1094630,-4957248,1094630,-4957232,1094630,-4957250,1094630,-4957242,1094630,1093434,1094630,-4957968,1094630,-4957976,1094630,-4957988,1094630,-4957972,1094630,-4957990,1094630,-4957982,1094630,1092950,1094630,-4960638,1094630,-4960646,1094630,-4960658,1094630,-4960642,1094630,-4960660,1094630,-4960652,1094630,1094706,1094630,-4959174,1094630,-4959182,1094630,-4959194,1094630,-4959178,1094630,-4959196,1094630,-4959188,1094630,1095416,1094630,-4955984,1094630,-4955992,1094630,-4956004,1094630,-4955988,1094630,-4956006,1094630,-4955998,1094630,1095484,1094630,-4959936,1094630,-4959944,1094630,-4959956,1094630,-4959940,1094630,-4959958,1094630,-4959950,1094630,1094950,1094630,-4955476,1094630,-4955484,1094630,-4955496,1094630,-4955480,1094630,-4955498,1094630,-4955490,1094630,1095398,1094630,-4959864,1094630,-4959872,1094630,-4959884,1094630,-4959868,1094630,-4959886,1094630,-4959878,1094630,1095694,1094630,-4956876,1094630,-4956884,1094630,-4956896,1094630,-4956880,1094630,-4956898,1094630,-4956890,1094630,1094338,1094630,-4961452,1094630,-4961460,1094630,-4961472,1094630,-4961456,1094630,-4961474,1094630,-4961466,1094630,1093392,1094630,1093152,1094630,1094098,1094630,1095552,1094630,1095294,1094630,1093190,1094630,1094720,1094630,1094848,1094630,1094842,1094630,1094000,1094630,1092946,1094630,1095084,1094630,1093266,1094630,1094998,1094630,1094856,1094630,1094470,1094630,1092914,1094630,1094160,1094630,1094588,1094630,1094534,1094630,1093872,1094630,1093424,1094630,1094188,1094630,1094458,1094630,1094280,1094630,1095456,1094630,1095684,1094630,1093558,1094630,1094690,1094630,1095138,1094630,1094362,1094630,1093322,1094630,1095288,1094630,1093838,1094630,1093564,1094630,1093710,1094630,1095346,1094630,1094368,1094630,1095498,1094630,1093960,1094630,1095056,1094630,1095708,1094630,1094656,1094630,1095078,1094630,1095388,1094630,1093202,1094630,1093442,1094630,1094440,1094630,1095382,1094630,1093988,1094630,1095450,1094630,1095072,1094630,1094522,1094630,1094702,1094630,1094082,1094630,1094650,1094630,1094734,1094630,1095160,1094630,1093436,1094630,1092952,1094630,1094708,1094630,1095418,1094630,1095486,1094630,1094952,1094630,1095400,1094630,1095696,1094630,1094340,1094630,1095752,1094630,1094554,1094630,1094172,1094630,1095332,1094630,1094076,1094630,1095142,1094630,1093128,1094630,1093136,1094630,1093810,1094630,1094416,1094630,1095516,1094630,1095474,1094630,1095568,1094630,1093622,1094630,1094782,1094630,1094628,1094630,1093156,1094630,1093780,1094630,1095328,1094630,1093492,1094630,1094394,1094630,1094444,1094630,1094900,1094630,1094350,1094630,1095164,1094630,1095368,1094630,1095060,1094630,1093814,1094630,1093842,1094630,1093768,1094630,1094762,1094630,1093054,1094630,1094066,1094630,1095306,1094630,1092938,1094630,1093596,1094630,1093514,1094630,-4960804,1094630,-4960812,1094630,-4960780,1094630,-4960788,1094630,-4960796,1094630,-4960800,1094630,-4960808,1094630,-4960816,1094630,-4954986,1094630,-4954994,1094630,-4955002,1094630,1093412,1094630,1093084,1094630,1093524,1094630,1093178,1094630,1093696,1094630,1094226,1094630,1093906,1094630,1093922,1094630,1093386,1094630]]}],"project-settings":[{"id":-1,"assetBundleId":-2,"data":[[["UnityEngine.U2D.CinemachinePixelPerfect",-1],["UnityEngine.EventSystems.EventSystem",-1000],["UnityEngine.UI.ToggleGroup",10],["TMPro.TextMeshPro",-105],["TMPro.TextMeshProUGUI",-100],["TMPro.TextContainer",-110]],[[0,"Default",0]],[[0,"Default"],[1,"TransparentFX"],[2,"Ignore Raycast"],[4,"Water"],[5,"UI"]],[0.0199999995529652,0.333333343267441,1,0.0299999993294477],[0,-9.8100004196167,0,6,2,0,1,[[0,0,0],[0,0,1],[0,0,2],[0,0,4],[0,0,5],[0,1,0],[0,1,1],[0,1,2],[0,1,4],[0,1,5],[0,2,0],[0,2,1],[0,2,2],[0,2,4],[0,2,5],[0,4,0],[0,4,1],[0,4,2],[0,4,4],[0,4,5],[0,5,0],[0,5,1],[0,5,2],[0,5,4],[0,5,5]]],[null,null,0,-9.8100004196167,3,8,1,0.200000002980232,8,100,360,0.200000002980232,0.75,0.5,0.00999999977648258,2,0.00999999977648258,1,1,1,1,1,0,[[0,0,0],[0,0,1],[0,0,2],[0,0,4],[0,0,5],[0,1,0],[0,1,1],[0,1,2],[0,1,4],[0,1,5],[0,2,0],[0,2,1],[0,2,2],[0,2,4],[0,2,5],[0,4,0],[0,4,1],[0,4,2],[0,4,4],[0,4,5],[0,5,0],[0,5,1],[0,5,2],[0,5,4],[0,5,5]]],[[[[],["Very Low","Low","Medium","High","Very High","Ultra"],0,0,0,0.300000011920929,1,15,0,1,0,0,0,0,0,1,2,4,0,0,0.333333343267441,0.0666666701436043,0.200000002980232,0.466666668653488,0,0,16,2,0,3,512,0,1,2,512,1,1024,0],[[],["Very Low","Low","Medium","High","Very High","Ultra"],0,0,0,0.400000005960464,1,20,0,1,0,0,0,0,0,0,2,16,0,0,0.333333343267441,0.0666666701436043,0.200000002980232,0.466666668653488,0,0,16,2,0,3,512,0,1,2,512,1,1024,1],[[],["Very Low","Low","Medium","High","Very High","Ultra"],1,1,0,0.699999988079071,1,20,0,1,0,0,0,0,0,0,2,64,1,0,0.333333343267441,0.0666666701436043,0.200000002980232,0.466666668653488,0,1,16,2,0,3,512,0,1,2,512,1,1024,2],[[],["Very Low","Low","Medium","High","Very High","Ultra"],2,1,0,1,2,40,1,1,1,0,1,0,0,0,2,256,2,1,0.333333343267441,0.0666666701436043,0.200000002980232,0.466666668653488,0,1,16,2,1,3,512,0,1,2,512,1,1024,3],[[],["Very Low","Low","Medium","High","Very High","Ultra"],2,2,2,1.5,2,70,1,1,2,1,1,0,0,0,2,1024,3,1,0.333333343267441,0.0666666701436043,0.200000002980232,0.466666668653488,0,1,16,2,1,3,512,0,1,2,512,1,1024,4],[[],["Very Low","Low","Medium","High","Very High","Ultra"],2,2,2,2,4,150,1,1,2,1,1,0,0,0,2,4096,4,1,0.333333343267441,0.0666666701436043,0.200000002980232,0.466666668653488,0,1,16,2,1,3,512,0,1,2,512,1,1024,5]],["Very Low","Low","Medium","High","Very High","Ultra"],2,2,2,2,4,150,1,1,2,1,1,0,0,0,2,4096,4,1,0.333333343267441,0.0666666701436043,0.200000002980232,0.466666668653488,0,1,16,2,1,3,512,0,1,2,512,1,1024,5],0,0,0,2,0,["Untagged","Respawn","Finish","EditorOnly","MainCamera","Player","GameController"]]}]}