{"materials":[{"id":560,"path":"Resources/unity_builtin_extra\\Sprites-Default","assetBundleId":-2,"data":["Sprites-Default",11,26,3000,0,[["PixelSnap",0],["_EnableExternalAlpha",0]],[["_Color",1,1,1,1],["_RendererColor",1,1,1,1]],[["_MainTex_ST",1,1,0,0],["_Flip",1,1,1,1],["_AlphaTex_ST",1,1,0,0]],[["_MainTex",null,null],["_AlphaTex",null,null]],[]]},{"id":768,"path":"Resources/unity_builtin_extra\\Default-Line","assetBundleId":-2,"data":["Default-Line",11,168,3000,0,[["_InvFade",1]],[],[["_MainTex_ST",1,1,0,0]],[["_MainTex",null,null]],[]]}],"shaders":[{"id":168,"assetBundleId":-2,"data":[[],"Legacy Shaders/Particles/Alpha Blended Premultiply",null,["SOFTPARTICLES_ON","STEREO_CUBEMAP_RENDER_ON","STEREO_INSTANCING_ON","STEREO_MULTIVIEW_ON","UNITY_SINGLE_PASS_STEREO","__"],[[0,0,"",0,"",0,[4,null],[0,null],[0,null],[[1,null],[10,null],[0,null]],[[1,null],[10,null],[0,null]],[14,null],[0,null],[0,null],[0,null],[255,null],[255,null],[[0,null],[0,null],[0,null],[8,null]],[[0,null],[0,null],[0,null],[8,null]],[[0,null],[0,null],[0,null],[8,null]],[["IGNOREPROJECTOR","true"],["PreviewType","Plane"],["QUEUE","Transparent"],["RenderType","Transparent"]],["SOFTPARTICLES_ON","STEREO_CUBEMAP_RENDER_ON","STEREO_INSTANCING_ON","STEREO_MULTIVIEW_ON","UNITY_SINGLE_PASS_STEREO","__"],[],[[0,0,[],0,1,1,0]],[],0]],[],[["_MainTex",4,0,0,0,0,"white",0],["_InvFade",3,1,0.00999999977648258,3,0,"",0]],null,null,0,0,0]},{"id":26,"assetBundleId":-2,"data":[[],"Sprites/Default",null,["PIXELSNAP_ON","ETC1_EXTERNAL_ALPHA","INSTANCING_ON","STEREO_CUBEMAP_RENDER_ON","STEREO_INSTANCING_ON","STEREO_MULTIVIEW_ON","UNITY_SINGLE_PASS_STEREO","_","__"],[[0,0,"",0,"",0,[4,null],[0,null],[0,null],[[1,null],[10,null],[0,null]],[[1,null],[10,null],[0,null]],[15,null],[0,null],[0,null],[0,null],[255,null],[255,null],[[0,null],[0,null],[0,null],[8,null]],[[0,null],[0,null],[0,null],[8,null]],[[0,null],[0,null],[0,null],[8,null]],[["CanUseSpriteAtlas","true"],["IGNOREPROJECTOR","true"],["PreviewType","Plane"],["QUEUE","Transparent"],["RenderType","Transparent"]],["ETC1_EXTERNAL_ALPHA","INSTANCING_ON","PIXELSNAP_ON","STEREO_CUBEMAP_RENDER_ON","STEREO_INSTANCING_ON","STEREO_MULTIVIEW_ON","UNITY_SINGLE_PASS_STEREO","_","__"],[],[[0,0,[],2,3,1,0]],[],0]],[],[["_MainTex",4,0,0,0,0,"white",2],["_Color",0,1,1,1,1,"",0],["PixelSnap",2,0,0,0,0,"",0],["_RendererColor",0,1,1,1,1,"",1],["_Flip",1,1,1,1,1,"",1],["_AlphaTex",4,0,0,0,0,"white",2],["_EnableExternalAlpha",2,0,0,0,0,"",2]],null,null,0,0,0]},{"id":28,"assetBundleId":-2,"data":[[],"UI/Default",null,["UNITY_UI_ALPHACLIP","UNITY_UI_CLIP_RECT","STEREO_CUBEMAP_RENDER_ON","STEREO_INSTANCING_ON","STEREO_MULTIVIEW_ON","UNITY_SINGLE_PASS_STEREO","_"],[[0,0,"Default",0,"",0,[0,"unity_GUIZTestMode"],[0,null],[0,null],[[1,null],[10,null],[0,null]],[[1,null],[10,null],[0,null]],[0,"_ColorMask"],[0,null],[0,null],[0,"_Stencil"],[0,"_StencilReadMask"],[0,"_StencilWriteMask"],[[0,"_StencilOp"],[0,null],[0,null],[0,"_StencilComp"]],[[0,null],[0,null],[0,null],[8,null]],[[0,null],[0,null],[0,null],[8,null]],[["CanUseSpriteAtlas","true"],["IGNOREPROJECTOR","true"],["PreviewType","Plane"],["QUEUE","Transparent"],["RenderType","Transparent"]],["STEREO_CUBEMAP_RENDER_ON","STEREO_INSTANCING_ON","STEREO_MULTIVIEW_ON","UNITY_SINGLE_PASS_STEREO","UNITY_UI_ALPHACLIP","UNITY_UI_CLIP_RECT","_"],[],[[0,0,[],4,5,1,0],[0,0,["UNITY_UI_ALPHACLIP"],4,6,1,0]],[],0]],[],[["_MainTex",4,0,0,0,0,"white",2],["_Color",0,1,1,1,1,"",0],["_StencilComp",2,8,0,0,0,"",0],["_Stencil",2,0,0,0,0,"",0],["_StencilOp",2,0,0,0,0,"",0],["_StencilWriteMask",2,255,0,0,0,"",0],["_StencilReadMask",2,255,0,0,0,"",0],["_ColorMask",2,15,0,0,0,"",0],["_UseUIAlphaClip",2,0,0,0,0,"",0]],null,null,0,0,0]},{"id":48,"assetBundleId":-2,"data":[[],"Hidden/BlitCopy",null,["STEREO_CUBEMAP_RENDER_ON","STEREO_INSTANCING_ON","STEREO_MULTIVIEW_ON","UNITY_SINGLE_PASS_STEREO"],[[0,0,"",0,"",0,[8,null],[0,null],[0,null],[[1,null],[0,null],[0,null]],[[1,null],[0,null],[0,null]],[15,null],[0,null],[0,null],[0,null],[255,null],[255,null],[[0,null],[0,null],[0,null],[8,null]],[[0,null],[0,null],[0,null],[8,null]],[[0,null],[0,null],[0,null],[8,null]],[],["STEREO_CUBEMAP_RENDER_ON","STEREO_INSTANCING_ON","STEREO_MULTIVIEW_ON","UNITY_SINGLE_PASS_STEREO"],[],[],[],0]],[],[["_MainTex",4,0,0,0,0,"",0],["_Color",0,1,1,1,1,"",0]],null,null,0,0,0]}],"resources":[{"id":0,"assetBundleId":-2,"data":[[["fonts & materials/lilitaone-regular sdf",12,29866],["fonts & materials/lilitaone-regular sdf",10,29852],["fonts & materials/lilitaone-regular",12,29876],["fonts & materials/lilitaone-regular",58,29868],["fonts & materials/lilitaone-regular sdf",9,29850],["unity_builtin_extra",11,168],["unity_builtin_extra",10,768],["unity_builtin_extra",11,26],["unity_builtin_extra",10,560],["unity_builtin_extra",11,28],["fonts & materials/liberationsans sdf",9,37172],["sprite assets/emojione",10,49550],["sprite assets/emojione",61,33552],["style sheets/default style sheet",62,32042],["linebreaking leading characters",63,38192],["linebreaking following characters",63,30974],["tmp settings",60,38492]],[43084,35712,43072,35712,43080,35712,43196,35712,43198,35712,43200,35712,43074,35712,43082,35712,43076,35712,145230,146474,43212,35712,43214,35712,43218,35712,43220,35712,43224,35712,-816450,146474,43222,35712,-816458,146474,43216,35712,-816426,146474,-816434,146474,-816442,146474,144906,146474,-814688,146474,-814696,146474,-814664,146474,-814672,146474,-814680,146474,43194,35712,43078,35712,-814684,146474,-814692,146474,-814700,146474,43066,37346,43068,37346,43130,37346,43064,37346,147592,146474,43134,37346,-818592,146474,-818588,146474,43126,37346,43128,37346,43062,37346,-818594,146474,146038,146474,-812674,146474,-812670,146474,-812676,146474,146008,146474,-812922,146474,-812918,146474,-812924,146474,147172,146474,-816672,146474,-816668,146474,-816674,146474,145912,146474,-814640,146474,-814636,146474,-814642,146474,146990,146474,-818540,146474,-818536,146474,-818542,146474,144954,146474,-816528,146474,-816524,146474,-816530,146474,144962,146474,-818472,146474,-818468,146474,-818474,146474,145640,146474,-812610,146474,-812606,146474,-812612,146474,146252,146474,-813112,146474,-813108,146474,-813114,146474,147356,146474,-812996,146474,-812992,146474,-812998,146474,147314,146474,-814556,146474,-814552,146474,-814558,146474,147408,146474,-817630,146474,-817626,146474,-817632,146474,145452,146474,-816116,146474,-816112,146474,-816118,146474,146624,146474,-813818,146474,-813814,146474,-813820,146474,146470,146474,-812406,146474,-812402,146474,-812408,146474,144982,146474,-818404,146474,-818400,146474,-818406,146474,145610,146474,-817862,146474,-817858,146474,-817864,146474,147168,146474,-816036,146474,-816032,146474,-816038,146474,145320,146474,-814524,146474,-814520,146474,-814526,146474,146230,146474,-818888,146474,-818884,146474,-818890,146474,146280,146474,-814906,146474,-814902,146474,-814908,146474,146744,146474,-814806,146474,-814802,146474,-814808,146474,146186,146474,-814938,146474,-814934,146474,-814940,146474,147012,146474,-812594,146474,-812590,146474,-812596,146474,147208,146474,-815592,146474,-815588,146474,-815594,146474,146908,146474,-818656,146474,-818652,146474,-818658,146474,145644,146474,-817494,146474,-817490,146474,-817496,146474,145672,146474,-816592,146474,-816588,146474,-816594,146474,145598,146474,-818640,146474,-818636,146474,-818642,146474,146604,146474,-813522,146474,-813518,146474,-813524,146474,144878,146474,-814372,146474,-814368,146474,-814374,146474,145902,146474,-812758,146474,-812754,146474,-812760,146474,147146,146474,-817102,146474,-817098,146474,-817104,146474,144762,146474,-819484,146474,-819480,146474,-819486,146474,145426,146474,-812490,146474,-812486,146474,-812492,146474,147158,146474,-813212,146474,-813208,146474,-813214,146474,146750,146474,-815356,146474,-815352,146474,-815358,146474,146888,146474,-816052,146474,-816048,146474,-816054,146474,146518,146474,-816308,146474,-816304,146474,-816310,146474,147310,146474,-817134,146474,-817130,146474,-817136,146474,144868,146474,-816818,146474,-816814,146474,-816820,146474,146048,146474,-814858,146474,-814854,146474,-814860,146474,144896,146474,-819452,146474,-819448,146474,-819454,146474,146042,146474,-814136,146474,-814132,146474,-814138,146474,147068,146474,-816934,146474,-816930,146474,-816936,146474,145990,146474,-816834,146474,-816830,146474,-816836,146474,145954,146474,-816950,146474,-816946,146474,-816952,146474,145110,146474,-815092,146474,-815088,146474,-815094,146474,147110,146474,-818046,146474,-818042,146474,-818048,146474,146454,146474,-819000,146474,-818996,146474,-819002,146474,145830,146474,-813770,146474,-813766,146474,-813772,146474,144656,146474,-818216,146474,-818212,146474,-818218,146474,147468,146474,-814340,146474,-814336,146474,-814342,146474,144950,146474,-813590,146474,-813586,146474,-813592,146474,146980,146474,-816100,146474,-816096,146474,-816102,146474,145972,146474,-817302,146474,-817298,146474,-817304,146474,145662,146474,-814308,146474,-814304,146474,-814310,146474,145072,146474,-813470,146474,-813466,146474,-813472,146474,146352,146474,-818078,146474,-818074,146474,-818080,146474,145080,146474,-814436,146474,-814432,146474,-814438,146474,146346,146474,-814276,146474,-814272,146474,-814278,146474,147204,146474,-812790,146474,-812786,146474,-812792,146474,144816,146474,-819404,146474,-819400,146474,-819406,146474,147252,146474,-818184,146474,-818180,146474,-818186,146474,145282,146474,-813308,146474,-813304,146474,-813310,146474,146486,146474,-812474,146474,-812470,146474,-812476,146474,145880,146474,-818672,146474,-818668,146474,-818674,146474,145052,146474,-818784,146474,-818780,146474,-818786,146474,146656,146474,-814404,146474,-814400,146474,-814406,146474,146128,146474,-813012,146474,-813008,146474,-813014,146474,145764,146474,-818736,146474,-818732,146474,-818738,146474,145504,146474,-814420,146474,-814416,146474,-814422,146474,145164,146474,-816020,146474,-816016,146474,-816022,146474,144704,146474,-819580,146474,-819576,146474,-819582,146474,147486,146474,-819548,146474,-819544,146474,-819550,146474,146104,146474,-813276,146474,-813272,146474,-813278,146474,144686,146474,-817250,146474,-817246,146474,-817252,146474,145010,146474,-813882,146474,-813878,146474,-813884,146474,146002,146474,-817978,146474,-817974,146474,-817980,146474,144874,146474,-813802,146474,-813798,146474,-813804,146474,146612,146474,-814120,146474,-814116,146474,-814122,146474,147092,146474,-815308,146474,-815304,146474,-815310,146474,145136,146474,-817038,146474,-817034,146474,-817040,146474,146582,146474,-815904,146474,-815900,146474,-815906,146474,145770,146474,-819784,146474,-819780,146474,-819786,146474,145498,146474,-819516,146474,-819512,146474,-819518,146474,144636,146474,-819436,146474,-819432,146474,-819438,146474,146328,146474,-814388,146474,-814384,146474,-814390,146474,145432,146474,-818388,146474,-818384,146474,-818390,146474,146380,146474,-817830,146474,-817826,146474,-817832,146474,145802,146474,-817418,146474,-817414,146474,-817420,146474,146762,146474,-813244,146474,-813240,146474,-813246,146474,146448,146474,-816204,146474,-816200,146474,-816206,146474,145978,146474,-815888,146474,-815884,146474,-815890,146474,146032,146474,-812938,146474,-812934,146474,-812940,146474,145198,146474,-817782,146474,-817778,146474,-817784,146474,146588,146474,-813538,146474,-813534,146474,-813540,146474,147246,146474,-818920,146474,-818916,146474,-818922,146474,145086,146474,-816656,146474,-816652,146474,-816658,146474,147506,146474,-814790,146474,-814786,146474,-814792,146474,145366,146474,-819188,146474,-819184,146474,-819190,146474,144616,146474,-815404,146474,-815400,146474,-815406,146474,146334,146474,-812870,146474,-812866,146474,-812872,146474,146460,146474,-818984,146474,-818980,146474,-818986,146474,146068,146474,-815144,146474,-815140,146474,-815146,146474,144610,146474,-816376,146474,-816372,146474,-816378,146474,147270,146474,-818872,146474,-818868,146474,-818874,146474,144692,146474,-812542,146474,-812538,146474,-812544,146474,145116,146474,-819372,146474,-819368,146474,-819374,146474,144822,146474,-813128,146474,-813124,146474,-813130,146474,146538,146474,-818094,146474,-818090,146474,-818096,146474,145246,146474,-814758,146474,-814754,146474,-814760,146474,146852,146474,-817814,146474,-817810,146474,-817816,146474,147542,146474,-815576,146474,-815572,146474,-815578,146474,146630,146474,-819532,146474,-819528,146474,-819534,146474,146808,146474,-815340,146474,-815336,146474,-815342,146474,147160,146474,146752,146474,146890,146474,146520,146474,147312,146474,144870,146474,146050,146474,144898,146474,146044,146474,147070,146474,145992,146474,145956,146474,145112,146474,147112,146474,146456,146474,145832,146474,144658,146474,147470,146474,144952,146474,146982,146474,145974,146474,145664,146474,145074,146474,146354,146474,145082,146474,146348,146474,147206,146474,144818,146474,147254,146474,145284,146474,146488,146474,145882,146474,145054,146474,146658,146474,146130,146474,145766,146474,145506,146474,145166,146474,144706,146474,147488,146474,146106,146474,144688,146474,145012,146474,146004,146474,144876,146474,146614,146474,147094,146474,145138,146474,146584,146474,145772,146474,145500,146474,144638,146474,146330,146474,145434,146474,146382,146474,145804,146474,146764,146474,146450,146474,145980,146474,146034,146474,145200,146474,146590,146474,147248,146474,145088,146474,147508,146474,145368,146474,144618,146474,146336,146474,146462,146474,146070,146474,144612,146474,147272,146474,144694,146474,145118,146474,144824,146474,146540,146474,145248,146474,146854,146474,147544,146474,146632,146474,146810,146474,147462,146474,-813786,146474,-813782,146474,-813788,146474,147518,146474,-815324,146474,-815320,146474,-815326,146474,146134,146474,-813044,146474,-813040,146474,-813046,146474,147320,146474,-818752,146474,-818748,146474,-818754,146474,145406,146474,-812854,146474,-812850,146474,-812856,146474,145562,146474,-818608,146474,-818604,146474,-818610,146474,147386,146474,-819016,146474,-819012,146474,-819018,146474,145122,146474,-818968,146474,-818964,146474,-818970,146474,146242,146474,-816918,146474,-816914,146474,-816920,146474,147164,146474,-818456,146474,-818452,146474,-818458,146474,145326,146474,-818936,146474,-818932,146474,-818938,146474,146122,146474,-814572,146474,-814568,146474,-814574,146474,147152,146474,-812822,146474,-812818,146474,-812824,146474,145862,146474,-815668,146474,-815664,146474,-815670,146474,146368,146474,-817434,146474,-817430,146474,-817436,146474,146264,146474,-813866,146474,-813862,146474,-813868,146474,144990,146474,-815752,146474,-815748,146474,-815754,146474,144884,146474,-816624,146474,-816620,146474,-816626,146474,144758,146474,-819172,146474,-819168,146474,-819174,146474,145098,146474,-817218,146474,-817214,146474,-817220,146474,146618,146474,-817334,146474,-817330,146474,-817336,146474,145568,146474,-817202,146474,-817198,146474,-817204,146474,147050,146474,-813196,146474,-813192,146474,-813198,146474,145850,146474,-818232,146474,-818228,146474,-818234,146474,145064,146474,-813028,146474,-813024,146474,-813030,146474,145400,146474,-815652,146474,-815648,146474,-815654,146474,144782,146474,-814890,146474,-814886,146474,-814892,146474,146776,146474,-819468,146474,-819464,146474,-819470,146474,146436,146474,-814324,146474,-814320,146474,-814326,146474,146960,146474,-813718,146474,-813714,146474,-813720,146474,144604,146474,-816560,146474,-816556,146474,-816562,146474,147566,146474,-815472,146474,-815468,146474,-815474,146474,145892,146474,-812838,146474,-812834,146474,-812840,146474,146756,146474,-815836,146474,-815832,146474,-815838,146474,144752,146474,-815736,146474,-815732,146474,-815738,146474,145104,146474,-816256,146474,-816252,146474,-816258,146474,144810,146474,-818624,146474,-818620,146474,-818626,146474,146914,146474,-814874,146474,-814870,146474,-814876,146474,145722,146474,-815920,146474,-815916,146474,-815922,146474,147276,146474,-813972,146474,-813968,146474,-813974,146474,145984,146474,-812658,146474,-812654,146474,-812660,146474,144668,146474,-812626,146474,-812622,146474,-812628,146474,145142,146474,-814104,146474,-814100,146474,-814106,146474,147062,146474,-814656,146474,-814652,146474,-814658,146474,147444,146474,-815988,146474,-815984,146474,-815990,146474,145468,146474,-815560,146474,-815556,146474,-815562,146474,146858,146474,-819664,146474,-819660,146474,-819666,146474,147456,146474,-815684,146474,-815680,146474,-815686,146474,146386,146474,-817894,146474,-817890,146474,-817896,146474,146300,146474,-817598,146474,-817594,146474,-817600,146474,146712,146474,-812774,146474,-812770,146474,-812776,146474,147554,146474,-814624,146474,-814620,146474,-814626,146474,144642,146474,-817070,146474,-817066,146474,-817072,146474,145276,146474,-812642,146474,-812638,146474,-812644,146474,145966,146474,-816084,146474,-816080,146474,-816086,146474,146802,146474,-818720,146474,-818716,146474,-818722,146474,145034,146474,-816512,146474,-816508,146474,-816514,146474,145776,146474,-816902,146474,-816898,146474,-816904,146474,145874,146474,-812422,146474,-812418,146474,-812424,146474,145224,146474,-817878,146474,-817874,146474,-817880,146474,147420,146474,-813702,146474,-813698,146474,-813704,146474,146840,146474,-816576,146474,-816572,146474,-816578,146474,146504,146474,-814004,146474,-814000,146474,-814006,146474,145886,146474,-814292,146474,-814288,146474,-814294,146474,146236,146474,-814922,146474,-814918,146474,-814924,146474,146442,146474,-819240,146474,-819236,146474,-819242,146474,144902,146474,-818320,146474,-818316,146474,-818322,146474,144890,146474,-814356,146474,-814352,146474,-814358,146474,145856,146474,-815260,146474,-815256,146474,-815262,146474,146706,146474,-815228,146474,-815224,146474,-815230,146474,145842,146474,-817614,146474,-817610,146474,-817616,146474,145046,146474,-817678,146474,-817674,146474,-817680,146474,145258,146474,-816640,146474,-816636,146474,-816642,146474,146140,146474,-817234,146474,-817230,146474,-817236,146474,145960,146474,-813144,146474,-813140,146474,-813146,146474,147438,146474,-816004,146474,-816000,146474,-816006,146474,147086,146474,-818524,146474,-818520,146474,-818526,146474,145716,146474,-818030,146474,-818026,146474,-818032,146474,146594,146474,-817318,146474,-817314,146474,-817320,146474,147198,146474,-816068,146474,-816064,146474,-816070,146474,144718,146474,-818062,146474,-818058,146474,-818064,146474,147464,146474,147520,146474,146136,146474,147322,146474,145408,146474,145564,146474,147388,146474,145124,146474,146244,146474,147166,146474,145328,146474,146124,146474,147154,146474,145864,146474,146370,146474,146266,146474,144992,146474,144886,146474,144760,146474,145100,146474,146620,146474,145570,146474,147052,146474,145852,146474,145066,146474,145402,146474,144784,146474,146778,146474,146438,146474,146962,146474,144606,146474,147568,146474,145894,146474,146758,146474,144754,146474,145106,146474,144812,146474,146916,146474,145724,146474,147278,146474,145986,146474,144670,146474,145144,146474,147064,146474,147446,146474,145470,146474,146860,146474,147458,146474,146388,146474,146302,146474,146714,146474,147556,146474,144644,146474,145278,146474,145968,146474,146804,146474,145036,146474,145778,146474,145876,146474,145226,146474,147422,146474,146842,146474,146506,146474,145888,146474,146238,146474,146444,146474,144904,146474,144892,146474,145858,146474,146708,146474,145844,146474,145048,146474,145260,146474,146142,146474,145962,146474,147440,146474,147088,146474,145718,146474,146596,146474,147200,146474,144720,146474,144920,146474,-815626,146474,-815634,146474,-815602,146474,-815610,146474,-815618,146474,-815622,146474,-815630,146474,-815638,146474,144828,146474,-819346,146474,-819354,146474,-819322,146474,-819330,146474,-819338,146474,-819342,146474,-819350,146474,-819358,146474,144622,146474,-815066,146474,-815074,146474,-815042,146474,-815050,146474,-815058,146474,-815062,146474,-815070,146474,-815078,146474,145518,146474,-813340,146474,-813348,146474,-813316,146474,-813324,146474,-813332,146474,-813336,146474,-813344,146474,-813352,146474,146054,146474,-812970,146474,-812978,146474,-812946,146474,-812954,146474,-812962,146474,-812966,146474,-812974,146474,-812982,146474,144996,146474,-816408,146474,-816416,146474,-816384,146474,-816392,146474,-816400,146474,-816404,146474,-816412,146474,-816420,146474,146392,146474,-815244,146474,-815240,146474,-815246,146474,147282,146474,-813292,146474,-813288,146474,-813294,146474,146216,146474,-817086,146474,-817082,146474,-817088,146474,146248,146474,-817582,146474,-817578,146474,-817584,146474,147500,146474,-812806,146474,-812802,146474,-812808,146474,145898,146474,-817846,146474,-817842,146474,-817848,146474,146768,146474,-819800,146474,-819796,146474,-819802,146474,146270,146474,-819388,146474,-819384,146474,-819390,146474,144674,146474,-815196,146474,-815192,146474,-815198,146474,147450,146474,-815372,146474,-815368,146474,-815374,146474,145534,146474,-813366,146474,-813362,146474,-813368,146474,146942,146474,-813988,146474,-813984,146474,-813990,146474,147056,146474,-813834,146474,-813830,146474,-813836,146474,146600,146474,-815292,146474,-815288,146474,-815294,146474,147264,146474,-817646,146474,-817642,146474,-817648,146474,145594,146474,-813228,146474,-813224,146474,-813230,146474,144680,146474,-816724,146474,-816720,146474,-816726,146474,146966,146474,-819420,146474,-819416,146474,-819422,146474,145678,146474,-818952,146474,-818948,146474,-818954,146474,147234,146474,-815820,146474,-815816,146474,-815822,146474,146340,146474,-813454,146474,-813450,146474,-813456,146474,147580,146474,-815804,146474,-815800,146474,-815806,146474,146680,146474,-816544,146474,-816540,146474,-816546,146474,147432,146474,-814052,146474,-814048,146474,-814054,146474,147512,146474,-816360,146474,-816356,146474,-816362,146474,147474,146474,-817402,146474,-817398,146474,-817404,146474,146258,146474,-813060,146474,-813056,146474,-813062,146474,144730,146474,-816886,146474,-816882,146474,-816888,146474,147348,146474,-813940,146474,-813936,146474,-813942,146474,146556,146474,-819716,146474,-819712,146474,-819718,146474,146834,146474,-815276,146474,-815272,146474,-815278,146474,146210,146474,-818704,146474,-818700,146474,-818706,146474,147214,146474,-817150,146474,-817146,146474,-817152,146474,145360,146474,-814954,146474,-814950,146474,-814956,146474,144788,146474,-818110,146474,-818106,146474,-818112,146474,146322,146474,-813606,146474,-813602,146474,-813608,146474,146394,146474,147284,146474,146218,146474,146250,146474,147502,146474,145900,146474,146770,146474,146272,146474,144676,146474,147452,146474,145536,146474,146944,146474,147058,146474,146602,146474,147266,146474,145596,146474,144682,146474,146968,146474,145680,146474,147236,146474,146342,146474,147582,146474,146682,146474,147434,146474,147514,146474,147476,146474,146260,146474,144732,146474,147350,146474,146558,146474,146836,146474,146212,146474,147216,146474,145362,146474,144790,146474,146324,146474,43102,36958,43170,36958,43172,36958,43174,36958,43176,36958,43178,36958,43180,36958,43182,36958,147002,144588,43190,36958,43112,36958,43192,36958,43118,36958,43186,36958,43106,36958,43188,36958,43108,36958,43122,36958,43094,36958,-819080,144588,-819088,144588,-819096,144588,-819104,144588,-819112,144588,-819120,144588,43096,36958,43098,36958,145474,146474,-818336,146474,-818332,146474,146644,146474,-817662,146474,-817658,146474,-817664,146474,147140,146474,-812390,146474,-812386,146474,-812392,146474,145588,146474,-817946,146474,-817942,146474,-817948,146474,145040,146474,-818200,146474,-818196,146474,-818202,146474,146314,146474,-812690,146474,-812686,146474,-812692,146474,145510,146474,-815972,146474,-815968,146474,-815974,146474,146192,146474,-817766,146474,-817762,146474,-817768,146474,147080,146474,-814036,146474,-814032,146474,-814038,146474,146650,146474,-812742,146474,-812738,146474,-812744,146474,147074,146474,-815456,146474,-815452,146474,-815458,146474,145058,146474,-817118,146474,-817114,146474,-817120,146474,144850,146474,-816608,146474,-816604,146474,-816610,146474,145332,146474,-813956,146474,-813952,146474,-813958,146474,145338,146474,-814774,146474,-814770,146474,-814776,146474,144972,146474,-815212,146474,-815208,146474,-815214,146474,144662,146474,-819648,146474,-819644,146474,-819650,146474,146466,146474,-815388,146474,-815384,146474,-815390,146474,146954,146474,-819732,146474,-819728,146474,-819734,146474,145696,146474,-817962,146474,-817958,146474,-817964,146474,147426,146474,-814540,146474,-814536,146474,-814542,146474,147332,146474,-814188,146474,-814184,146474,-814190,146474,145908,146474,-817386,146474,-817382,146474,-817388,146474,147530,146474,-818768,146474,-818764,146474,-818770,146474,145180,146474,-818168,146474,-818164,146474,-818170,146474,146662,146474,-813260,146474,-813256,146474,-813262,146474,147560,146474,-819564,146474,-819560,146474,-819566,146474,147370,146474,-814020,146474,-814016,146474,-814022,146474,147414,146474,-819632,146474,-819628,146474,-819634,146474,144724,146474,-819032,146474,-819028,146474,-819034,146474,145616,146474,-818904,146474,-818900,146474,-818906,146474,146424,146474,-817798,146474,-817794,146474,-817800,146474,146162,146474,-818688,146474,-818684,146474,-818690,146474,145758,146474,-819500,146474,-819496,146474,-819502,146474,145022,146474,-817054,146474,-817050,146474,-817056,146474,146146,146474,-813850,146474,-813846,146474,-813852,146474,146400,146474,-813640,146474,-813648,146474,-813616,146474,-813624,146474,-813632,146474,-813636,146474,-813644,146474,-813652,146474,144856,146474,-814732,146474,-814740,146474,-814708,146474,-814716,146474,-814724,146474,-814728,146474,-814736,146474,-814744,146474,147098,146474,-817468,146474,-817476,146474,-817444,146474,-817452,146474,-817460,146474,-817464,146474,-817472,146474,-817480,146474,145744,146474,-813914,146474,-813922,146474,-813890,146474,-813898,146474,-813906,146474,-813910,146474,-813918,146474,-813926,146474,145204,146474,-816792,146474,-816800,146474,-816768,146474,-816776,146474,-816784,146474,-816788,146474,-816796,146474,-816804,146474,145728,146474,-818142,146474,-818150,146474,-818118,146474,-818126,146474,-818134,146474,-818138,146474,-818146,146474,-818154,146474,146646,146474,145476,146474,147142,146474,145590,146474,145042,146474,146316,146474,145512,146474,146194,146474,147082,146474,146652,146474,147076,146474,145060,146474,144852,146474,145334,146474,145340,146474,144974,146474,144664,146474,146468,146474,146956,146474,145698,146474,147428,146474,147334,146474,145910,146474,147532,146474,145182,146474,146664,146474,147562,146474,147372,146474,147416,146474,144726,146474,145618,146474,146426,146474,146164,146474,145760,146474,145024,146474,146148,146474,-818338,146474,43088,35296,43142,35296,43144,35296,43146,35296,43150,35296,43154,35296,43148,35296,145218,146474,43168,35296,43160,35296,43162,35296,43164,35296,43166,35296,-813380,146474,-813388,146474,-813400,146474,43136,35296,43138,35296,43090,35296,-813384,146474,-813402,146474,-813394,146474,43140,35296,144978,146474,-817728,146474,-817736,146474,-817748,146474,-817732,146474,-817750,146474,-817742,146474,145934,146474,-815698,146474,-815706,146474,-815718,146474,-815702,146474,-815720,146474,-815712,146474,147392,146474,-817692,146474,-817700,146474,-817712,146474,-817696,146474,-817714,146474,-817706,146474,147134,146474,-816218,146474,-816226,146474,-816238,146474,-816222,146474,-816240,146474,-816232,146474,145016,146474,-817544,146474,-817552,146474,-817564,146474,-817548,146474,-817566,146474,-817558,146474,146562,146474,-812884,146474,-812892,146474,-812904,146474,-812888,146474,-812906,146474,-812898,146474,146692,146474,-815766,146474,-815774,146474,-815786,146474,-815770,146474,-815788,146474,-815780,146474,146686,146474,-818798,146474,-818806,146474,-818818,146474,-818802,146474,-818820,146474,-818812,146474,145836,146474,-816166,146474,-816174,146474,-816186,146474,-816170,146474,-816188,146474,-816180,146474,144770,146474,-816322,146474,-816330,146474,-816342,146474,-816326,146474,-816344,146474,-816336,146474,146932,146474,-814066,146474,-814074,146474,-814086,146474,-814070,146474,-814088,146474,-814080,146474,145092,146474,-819046,146474,-819054,146474,-819066,146474,-819050,146474,-819068,146474,-819060,146474,146846,146474,-813732,146474,-813740,146474,-813752,146474,-813736,146474,-813754,146474,-813746,146474,146700,146474,-816686,146474,-816694,146474,-816706,146474,-816690,146474,-816708,146474,-816700,146474,146306,146474,-816474,146474,-816482,146474,-816494,146474,-816478,146474,-816496,146474,-816488,146474,144738,146474,-813074,146474,-813082,146474,-813094,146474,-813078,146474,-813096,146474,-813088,146474,145996,146474,-815418,146474,-815426,146474,-815438,146474,-815422,146474,-815440,146474,-815432,146474,146430,146474,-817264,146474,-817272,146474,-817284,146474,-817268,146474,-817286,146474,-817278,146474,146374,146474,-819594,146474,-819602,146474,-819614,146474,-819598,146474,-819616,146474,-819608,146474,145702,146474,-815934,146474,-815942,146474,-815954,146474,-815938,146474,-815956,146474,-815948,146474,145252,146474,-813664,146474,-813672,146474,-813684,146474,-813668,146474,-813686,146474,-813678,146474,146024,146474,-815522,146474,-815530,146474,-815542,146474,-815526,146474,-815544,146474,-815536,146474,146294,146474,-816130,146474,-816138,146474,-816150,146474,-816134,146474,-816152,146474,-816144,146474,146116,146474,-815486,146474,-815494,146474,-815506,146474,-815490,146474,-815508,146474,-815500,146474,147296,146474,-818554,146474,-818562,146474,-818574,146474,-818558,146474,-818576,146474,-818568,146474,147524,146474,-816848,146474,-816856,146474,-816868,146474,-816852,146474,-816870,146474,-816862,146474,145388,146474,-817908,146474,-817916,146474,-817928,146474,-817912,146474,-817930,146474,-817922,146474,146532,146474,-813416,146474,-813424,146474,-813436,146474,-813420,146474,-813438,146474,-813430,146474,146986,146474,-812556,146474,-812564,146474,-812576,146474,-812560,146474,-812578,146474,-812570,146474,146198,146474,-818418,146474,-818426,146474,-818438,146474,-818422,146474,-818440,146474,-818432,146474,145148,146474,-814450,146474,-814458,146474,-814470,146474,-814454,146474,-814472,146474,-814464,146474,147128,146474,-813552,146474,-813560,146474,-813572,146474,-813556,146474,-813574,146474,-813566,146474,145668,146474,-814238,146474,-814246,146474,-814258,146474,-814242,146474,-814260,146474,-814252,146474,145394,146474,-816964,146474,-816972,146474,-816984,146474,-816968,146474,-816986,146474,-816978,146474,145540,146474,-818486,146474,-818494,146474,-818506,146474,-818490,146474,-818508,146474,-818500,146474,147186,146474,-817992,146474,-818000,146474,-818012,146474,-817996,146474,-818014,146474,-818006,146474,146204,146474,-814586,146474,-814594,146474,-814606,146474,-814590,146474,-814608,146474,-814600,146474,147338,146474,-819678,146474,-819686,146474,-819698,146474,-819682,146474,-819700,146474,-819692,146474,145790,146474,-818350,146474,-818358,146474,-818370,146474,-818354,146474,-818372,146474,-818364,146474,146904,146474,-812504,146474,-812512,146474,-812524,146474,-812508,146474,-812526,146474,-812518,146474,147548,146474,-819290,146474,-819298,146474,-819310,146474,-819294,146474,-819312,146474,-819304,146474,146498,146474,-815158,146474,-815166,146474,-815178,146474,-815162,146474,-815180,146474,-815172,146474,146926,146474,-814202,146474,-814210,146474,-814222,146474,-814206,146474,-814224,146474,-814216,146474,147228,146474,-814486,146474,-814494,146474,-814506,146474,-814490,146474,-814508,146474,-814500,146474,145028,146474,-818834,146474,-818842,146474,-818854,146474,-818838,146474,-818856,146474,-818848,146474,145270,146474,-818282,146474,-818290,146474,-818302,146474,-818286,146474,-818304,146474,-818296,146474,146276,146474,-819202,146474,-819210,146474,-819222,146474,-819206,146474,-819224,146474,-819216,146474,147222,146474,-814820,146474,-814828,146474,-814840,146474,-814824,146474,-814842,146474,-814834,146474,145824,146474,-819746,146474,-819754,146474,-819766,146474,-819750,146474,-819768,146474,-819760,146474,147290,146474,-814968,146474,-814976,146474,-814988,146474,-814972,146474,-814990,146474,-814982,146474,146920,146474,-812436,146474,-812444,146474,-812456,146474,-812440,146474,-812458,146474,-812450,146474,146358,146474,-816738,146474,-816746,146474,-816758,146474,-816742,146474,-816760,146474,-816752,146474,146544,146474,-814150,146474,-814158,146474,-814170,146474,-814154,146474,-814172,146474,-814164,146474,145918,146474,-815106,146474,-815114,146474,-815126,146474,-815110,146474,-815128,146474,-815120,146474,146492,146474,-819254,146474,-819262,146474,-819274,146474,-819258,146474,-819276,146474,-819268,146474,146576,146474,-817508,146474,-817516,146474,-817528,146474,-817512,146474,-817530,146474,-817522,146474,147008,146474,-817348,146474,-817356,146474,-817368,146474,-817352,146474,-817370,146474,-817362,146474,145264,146474,-815850,146474,-815858,146474,-815870,146474,-815854,146474,-815872,146474,-815864,146474,144776,146474,-819134,146474,-819142,146474,-819154,146474,-819138,146474,-819156,146474,-819148,146474,146550,146474,-813158,146474,-813166,146474,-813178,146474,-813162,146474,-813180,146474,-813172,146474,147258,146474,-817164,146474,-817172,146474,-817184,146474,-817168,146474,-817186,146474,-817178,146474,147326,146474,-817000,146474,-817008,146474,-817020,146474,-817004,146474,-817022,146474,-817014,146474,146796,146474,-813484,146474,-813492,146474,-813504,146474,-813488,146474,-813506,146474,-813498,146474,147240,146474,-816270,146474,-816278,146474,-816290,146474,-816274,146474,-816292,146474,-816284,146474,147536,146474,-818246,146474,-818254,146474,-818266,146474,-818250,146474,-818268,146474,-818260,146474,146176,146474,-812704,146474,-812712,146474,-812724,146474,-812708,146474,-812726,146474,-812718,146474,145220,146474,144980,146474,145936,146474,147394,146474,147136,146474,145018,146474,146564,146474,146694,146474,146688,146474,145838,146474,144772,146474,146934,146474,145094,146474,146848,146474,146702,146474,146308,146474,144740,146474,145998,146474,146432,146474,146376,146474,145704,146474,145254,146474,146026,146474,146296,146474,146118,146474,147298,146474,147526,146474,145390,146474,146534,146474,146988,146474,146200,146474,145150,146474,147130,146474,145670,146474,145396,146474,145542,146474,147188,146474,146206,146474,147340,146474,145792,146474,146906,146474,147550,146474,146500,146474,146928,146474,147230,146474,145030,146474,145272,146474,146278,146474,147224,146474,145826,146474,147292,146474,146922,146474,146360,146474,146546,146474,145920,146474,146494,146474,146578,146474,147010,146474,145266,146474,144778,146474,146552,146474,147260,146474,147328,146474,146798,146474,147242,146474,147538,146474,146178,146474,147594,146474,146396,146474,146010,146474,147174,146474,145914,146474,146992,146474,144956,146474,144964,146474,145642,146474,146254,146474,147358,146474,147316,146474,147410,146474,145454,146474,146626,146474,146472,146474,144984,146474,145612,146474,147170,146474,145322,146474,146232,146474,146282,146474,146746,146474,146188,146474,147014,146474,147210,146474,146910,146474,145646,146474,145674,146474,145600,146474,146606,146474,144880,146474,145904,146474,147148,146474,144764,146474,145428,146474,145344,146474,-815022,146474,-815030,146474,-814998,146474,-815006,146474,-815014,146474,-815018,146474,-815026,146474,-815034,146474,-816446,146474,-816454,146474,-816462,146474,145240,146474,144910,146474,145354,146474,145006,146474,145528,146474,146064,146474,145738,146474,145754,146474,145214,146474]]}],"project-settings":[{"id":-1,"assetBundleId":-2,"data":[[["UnityEngine.U2D.CinemachinePixelPerfect",-1],["UnityEngine.UI.ToggleGroup",10],["TMPro.TextMeshPro",-105],["TMPro.TextMeshProUGUI",-100],["TMPro.TextContainer",-110],["UnityEngine.EventSystems.EventSystem",-1000]],[[0,"Default",0]],[[0,"Default"],[1,"TransparentFX"],[2,"Ignore Raycast"],[4,"Water"],[5,"UI"]],[0.0199999921023846,0.333333343267441,1,0.0299999993294477],[0,-9.8100004196167,0,6,2,0,1,[[0,0,0],[0,0,1],[0,0,2],[0,0,4],[0,0,5],[0,1,0],[0,1,1],[0,1,2],[0,1,4],[0,1,5],[0,2,0],[0,2,1],[0,2,2],[0,2,4],[0,2,5],[0,4,0],[0,4,1],[0,4,2],[0,4,4],[0,4,5],[0,5,0],[0,5,1],[0,5,2],[0,5,4],[0,5,5]]],[null,null,0,-9.8100004196167,3,8,1,0.200000002980232,8,100,360,0.200000002980232,0.75,0.5,0.00999999977648258,2,0.00999999977648258,1,1,1,1,1,0,[[0,0,0],[0,0,1],[0,0,2],[0,0,4],[0,0,5],[0,1,0],[0,1,1],[0,1,2],[0,1,4],[0,1,5],[0,2,0],[0,2,1],[0,2,2],[0,2,4],[0,2,5],[0,4,0],[0,4,1],[0,4,2],[0,4,4],[0,4,5],[0,5,0],[0,5,1],[0,5,2],[0,5,4],[0,5,5]]],[[[[],["Very Low","Low","Medium","High","Very High","Ultra"],0,0,0,0.300000011920929,1,15,0,1,0,0,0,0,0,1,2,4,0,0,0.333333343267441,0.0666666701436043,0.200000002980232,0.466666668653488,0,0,16,2,0,3,512,0,1,2,512,1,1024,0],[[],["Very Low","Low","Medium","High","Very High","Ultra"],0,0,0,0.400000005960464,1,20,0,1,0,0,0,0,0,0,2,16,0,0,0.333333343267441,0.0666666701436043,0.200000002980232,0.466666668653488,0,0,16,2,0,3,512,0,1,2,512,1,1024,1],[[],["Very Low","Low","Medium","High","Very High","Ultra"],1,1,0,0.699999988079071,1,20,0,1,0,0,0,0,0,0,2,64,1,0,0.333333343267441,0.0666666701436043,0.200000002980232,0.466666668653488,0,1,16,2,0,3,512,0,1,2,512,1,1024,2],[[],["Very Low","Low","Medium","High","Very High","Ultra"],2,1,0,1,2,40,1,1,1,0,1,0,0,0,2,256,2,1,0.333333343267441,0.0666666701436043,0.200000002980232,0.466666668653488,0,1,16,2,1,3,512,0,1,2,512,1,1024,3],[[],["Very Low","Low","Medium","High","Very High","Ultra"],2,2,2,1.5,2,70,1,1,2,1,1,0,0,0,2,1024,3,1,0.333333343267441,0.0666666701436043,0.200000002980232,0.466666668653488,0,1,16,2,1,3,512,0,1,2,512,1,1024,4],[[],["Very Low","Low","Medium","High","Very High","Ultra"],2,2,2,2,4,150,1,1,2,1,1,0,0,0,2,4096,4,1,0.333333343267441,0.0666666701436043,0.200000002980232,0.466666668653488,0,1,16,2,1,3,512,0,1,2,512,1,1024,5]],["Very Low","Low","Medium","High","Very High","Ultra"],2,2,2,2,4,150,1,1,2,1,1,0,0,0,2,4096,4,1,0.333333343267441,0.0666666701436043,0.200000002980232,0.466666668653488,0,1,16,2,1,3,512,0,1,2,512,1,1024,5],0,0,0,2,0,["Untagged","Respawn","Finish","EditorOnly","MainCamera","Player","GameController","FxTemporaire"]]}]}