{"title":"Renovation","icon":null,"fields":{"GameManager":{"IsSIP":{"id":null,"title":"IsSIP","type":"boolean","defaultValue":0,"constraints":{},"section":"","order":0,"localization":0,"options":{}},"gameType":{"id":null,"title":"gameType","type":"enum","defaultValue":1,"constraints":{},"section":"","order":1,"localization":0,"options":{"0":"MIP1","1":"MIP2"}},"mip1ButtonPress":{"id":null,"title":"mip1ButtonPress","type":"boolean","defaultValue":1,"constraints":{},"section":"","order":35,"localization":0,"options":{}},"puzzlesToSolve":{"id":null,"title":"puzzlesToSolve","type":"int32","defaultValue":1,"constraints":{},"section":"","order":36,"localization":0,"options":{}}}},"assets":{},"sections":[],"preloader":{"fields":{"System.String":{"Playable Name":{"id":"parameter\/preloader\/name","title":"Playable Name","type":"string","defaultValue":[null],"constraints":{},"section":"Preloader","order":1,"localization":0,"options":{}}},"UnityEngine.Color":{"Background Color":{"id":"parameter\/preloader\/color","title":"Background Color","type":"color","defaultValue":[0,0,0,1],"constraints":{},"section":"Preloader","order":2,"localization":0,"options":{}}}},"assets":{"":{"id":"asset\/preloader\/icon","title":"","type":"texture","section":"Preloader","order":0}},"sections":[{"title":"Preloader","order":0,"fixed":1}]},"buildId":"e9b08f3f-9a85-4399-9e1c-9ecae2719725"}